solid OBJECT
  facet normal 0.89643843077479102 -0.44316829741084829 -0
    outer loop
      vertex -2.7354893973097205e-05 -10.141171455383301 0
      vertex 0.8862641453742981 -8.3483858108520508 0
      vertex 0.8862641453742981 -8.3483858108520508 46.187965393066406
    endloop
  endfacet
  facet normal 0.89643843077479102 -0.44316829741084829 0
    outer loop
      vertex -2.7354893973097205e-05 -10.141171455383301 0
      vertex 0.8862641453742981 -8.3483858108520508 46.187965393066406
      vertex -2.7354893973097205e-05 -10.141171455383301 46.187965393066406
    endloop
  endfacet
  facet normal 0.8807973680787663 -0.47349339634837356 0
    outer loop
      vertex 0.8862641453742981 -8.3483858108520508 0
      vertex 1.8421357870101929 -6.5702633857727051 0
      vertex 1.8421357870101929 -6.5702633857727051 46.187965393066406
    endloop
  endfacet
  facet normal 0.8807973680787663 -0.47349339634837356 0
    outer loop
      vertex 0.8862641453742981 -8.3483858108520508 0
      vertex 1.8421357870101929 -6.5702633857727051 46.187965393066406
      vertex 0.8862641453742981 -8.3483858108520508 46.187965393066406
    endloop
  endfacet
  facet normal 0.86398292469768689 -0.50352110763187574 0
    outer loop
      vertex 1.8421357870101929 -6.5702633857727051 0
      vertex 2.8676483631134033 -4.8106045722961426 0
      vertex 2.8676483631134033 -4.8106045722961426 46.187965393066406
    endloop
  endfacet
  facet normal 0.86398292469768689 -0.50352110763187574 0
    outer loop
      vertex 1.8421357870101929 -6.5702633857727051 0
      vertex 2.8676483631134033 -4.8106045722961426 46.187965393066406
      vertex 1.8421357870101929 -6.5702633857727051 46.187965393066406
    endloop
  endfacet
  facet normal 0.84599278217898433 -0.53319434777673869 -0
    outer loop
      vertex 2.8676483631134033 -4.8106045722961426 0
      vertex 3.9626190662384033 -3.0732693672180176 0
      vertex 3.9626190662384033 -3.0732693672180176 46.187965393066406
    endloop
  endfacet
  facet normal 0.84599278217898433 -0.53319434777673869 0
    outer loop
      vertex 2.8676483631134033 -4.8106045722961426 0
      vertex 3.9626190662384033 -3.0732693672180176 46.187965393066406
      vertex 2.8676483631134033 -4.8106045722961426 46.187965393066406
    endloop
  endfacet
  facet normal 0.82680931537898905 -0.56248231616871958 0
    outer loop
      vertex 3.9626190662384033 -3.0732693672180176 0
      vertex 5.1266818046569824 -1.3621792793273926 0
      vertex 5.1266818046569824 -1.3621792793273926 46.187965393066406
    endloop
  endfacet
  facet normal 0.82680931537898905 -0.56248231616871958 0
    outer loop
      vertex 3.9626190662384033 -3.0732693672180176 0
      vertex 5.1266818046569824 -1.3621792793273926 46.187965393066406
      vertex 3.9626190662384033 -3.0732693672180176 46.187965393066406
    endloop
  endfacet
  facet normal 0.80647480923551851 -0.59126845177849141 -0
    outer loop
      vertex 5.1266818046569824 -1.3621792793273926 0
      vertex 6.3590426445007324 0.31872889399528503 0
      vertex 6.3590426445007324 0.31872889399528503 46.187965393066406
    endloop
  endfacet
  facet normal 0.80647480923551851 -0.59126845177849141 7.7303983792410005e-19
    outer loop
      vertex 5.1266818046569824 -1.3621792793273926 0
      vertex 6.3590426445007324 0.31872889399528503 46.187965393066406
      vertex 5.1266818046569824 -1.3621792793273926 46.187965393066406
    endloop
  endfacet
  facet normal 0.78496468194982782 -0.61954051368042573 -0
    outer loop
      vertex 6.3590426445007324 0.31872889399528503 0
      vertex 7.6587862968444824 1.9655184745788574 0
      vertex 7.6587862968444824 1.9655184745788574 46.187965393066406
    endloop
  endfacet
  facet normal 0.78496468194982782 -0.61954051368042573 0
    outer loop
      vertex 6.3590426445007324 0.31872889399528503 0
      vertex 7.6587862968444824 1.9655184745788574 46.187965393066406
      vertex 6.3590426445007324 0.31872889399528503 46.187965393066406
    endloop
  endfacet
  facet normal 0.76236351679464998 -0.64714903095074905 -0
    outer loop
      vertex 7.6587862968444824 1.9655184745788574 0
      vertex 9.0244474411010742 3.5743136405944824 0
      vertex 9.0244474411010742 3.5743136405944824 46.187965393066406
    endloop
  endfacet
  facet normal 0.76236351679464998 -0.64714903095074905 0
    outer loop
      vertex 7.6587862968444824 1.9655184745788574 0
      vertex 9.0244474411010742 3.5743136405944824 46.187965393066406
      vertex 7.6587862968444824 1.9655184745788574 46.187965393066406
    endloop
  endfacet
  facet normal 0.73860491490142322 -0.67413854635635639 -0
    outer loop
      vertex 9.0244474411010742 3.5743136405944824 0
      vertex 10.454623222351074 5.1412539482116699 0
      vertex 10.454623222351074 5.1412539482116699 46.187965393066406
    endloop
  endfacet
  facet normal 0.73860491490142322 -0.67413854635635639 0
    outer loop
      vertex 9.0244474411010742 3.5743136405944824 0
      vertex 10.454623222351074 5.1412539482116699 46.187965393066406
      vertex 9.0244474411010742 3.5743136405944824 46.187965393066406
    endloop
  endfacet
  facet normal 0.7138152427308202 -0.70033406260522579 -0
    outer loop
      vertex 10.454623222351074 5.1412539482116699 0
      vertex 11.947237968444824 6.6626009941101074 0
      vertex 11.947237968444824 6.6626009941101074 46.187965393066406
    endloop
  endfacet
  facet normal 0.7138152427308202 -0.70033406260522579 0
    outer loop
      vertex 10.454623222351074 5.1412539482116699 0
      vertex 11.947237968444824 6.6626009941101074 46.187965393066406
      vertex 10.454623222351074 5.1412539482116699 46.187965393066406
    endloop
  endfacet
  facet normal 0.68795732350538708 -0.72575114263451512 0
    outer loop
      vertex 11.947237968444824 6.6626009941101074 0
      vertex 13.500216484069824 8.1347074508666992 0
      vertex 13.500216484069824 8.1347074508666992 46.187965393066406
    endloop
  endfacet
  facet normal 0.68795732350538708 -0.72575114263451512 0
    outer loop
      vertex 11.947237968444824 6.6626009941101074 0
      vertex 13.500216484069824 8.1347074508666992 46.187965393066406
      vertex 11.947237968444824 6.6626009941101074 46.187965393066406
    endloop
  endfacet
  facet normal 0.66109494615435183 -0.75030225387451333 0
    outer loop
      vertex 13.500216484069824 8.1347074508666992 0
      vertex 15.111117362976074 9.5540800094604492 0
      vertex 15.111117362976074 9.5540800094604492 46.187965393066406
    endloop
  endfacet
  facet normal 0.66109494615435194 -0.75030225387451344 0
    outer loop
      vertex 13.500216484069824 8.1347074508666992 0
      vertex 15.111117362976074 9.5540800094604492 46.187965393066406
      vertex 13.500216484069824 8.1347074508666992 46.187965393066406
    endloop
  endfacet
  facet normal 0.63327308281987682 -0.77392842212688462 0
    outer loop
      vertex 15.111117362976074 9.5540800094604492 0
      vertex 16.777194976806641 10.917361259460449 0
      vertex 16.777194976806641 10.917361259460449 46.187965393066406
    endloop
  endfacet
  facet normal 0.63327308281987682 -0.77392842212688462 0
    outer loop
      vertex 15.111117362976074 9.5540800094604492 0
      vertex 16.777194976806641 10.917361259460449 46.187965393066406
      vertex 15.111117362976074 9.5540800094604492 46.187965393066406
    endloop
  endfacet
  facet normal 0.60454918779709232 -0.7965678122632599 0
    outer loop
      vertex 16.777194976806641 10.917361259460449 0
      vertex 18.495456695556641 12.221423149108887 0
      vertex 18.495456695556641 12.221423149108887 46.187965393066406
    endloop
  endfacet
  facet normal 0.60454918779709232 -0.7965678122632599 0
    outer loop
      vertex 16.777194976806641 10.917361259460449 0
      vertex 18.495456695556641 12.221423149108887 46.187965393066406
      vertex 16.777194976806641 10.917361259460449 46.187965393066406
    endloop
  endfacet
  facet normal 0.57495957604656445 -0.81818181714845917 0
    outer loop
      vertex 18.495456695556641 12.221423149108887 0
      vertex 20.262729644775391 13.463335990905762 0
      vertex 20.262729644775391 13.463335990905762 46.187965393066406
    endloop
  endfacet
  facet normal 0.57495957604656445 -0.81818181714845917 1.1780309317866604e-19
    outer loop
      vertex 18.495456695556641 12.221423149108887 0
      vertex 20.262729644775391 13.463335990905762 46.187965393066406
      vertex 18.495456695556641 12.221423149108887 46.187965393066406
    endloop
  endfacet
  facet normal 0.54457339057815946 -0.83871319428885072 0
    outer loop
      vertex 20.262729644775391 13.463335990905762 0
      vertex 22.075534820556641 14.640383720397949 0
      vertex 22.075534820556641 14.640383720397949 46.187965393066406
    endloop
  endfacet
  facet normal 0.54457339057815946 -0.83871319428885072 0
    outer loop
      vertex 20.262729644775391 13.463335990905762 0
      vertex 22.075534820556641 14.640383720397949 46.187965393066406
      vertex 20.262729644775391 13.463335990905762 46.187965393066406
    endloop
  endfacet
  facet normal 0.51343331524306501 -0.85812949535516803 0
    outer loop
      vertex 22.075534820556641 14.640383720397949 0
      vertex 23.930332183837891 15.750140190124512 0
      vertex 23.930332183837891 15.750140190124512 46.187965393066406
    endloop
  endfacet
  facet normal 0.51343331524306501 -0.85812949535516803 0
    outer loop
      vertex 22.075534820556641 14.640383720397949 0
      vertex 23.930332183837891 15.750140190124512 46.187965393066406
      vertex 22.075534820556641 14.640383720397949 46.187965393066406
    endloop
  endfacet
  facet normal 0.48162184173821021 -0.87637914258652594 0
    outer loop
      vertex 23.930332183837891 15.750140190124512 0
      vertex 25.823276519775391 16.790424346923828 0
      vertex 25.823276519775391 16.790424346923828 46.187965393066406
    endloop
  endfacet
  facet normal 0.48162184173821021 -0.87637914258652594 0
    outer loop
      vertex 23.930332183837891 15.750140190124512 0
      vertex 25.823276519775391 16.790424346923828 46.187965393066406
      vertex 23.930332183837891 15.750140190124512 46.187965393066406
    endloop
  endfacet
  facet normal 0.44918183785267102 -0.89344035981328751 0
    outer loop
      vertex 25.823276519775391 16.790424346923828 0
      vertex 27.750522613525391 17.759357452392578 0
      vertex 27.750522613525391 17.759357452392578 46.187965393066406
    endloop
  endfacet
  facet normal 0.44918183785267102 -0.89344035981328751 0
    outer loop
      vertex 25.823276519775391 16.790424346923828 0
      vertex 27.750522613525391 17.759357452392578 46.187965393066406
      vertex 25.823276519775391 16.790424346923828 46.187965393066406
    endloop
  endfacet
  facet normal 0.41621533978612063 -0.90926607267989701 0
    outer loop
      vertex 27.750522613525391 17.759357452392578 0
      vertex 29.707920074462891 18.655353546142578 0
      vertex 29.707920074462891 18.655353546142578 46.187965393066406
    endloop
  endfacet
  facet normal 0.41621533978612063 -0.90926607267989701 0
    outer loop
      vertex 27.750522613525391 17.759357452392578 0
      vertex 29.707920074462891 18.655353546142578 46.187965393066406
      vertex 27.750522613525391 17.759357452392578 46.187965393066406
    endloop
  endfacet
  facet normal 0.38275349935978181 -0.92385050669891478 0
    outer loop
      vertex 29.707920074462891 18.655353546142578 0
      vertex 31.691440582275391 19.477130889892578 0
      vertex 31.691440582275391 19.477130889892578 46.187965393066406
    endloop
  endfacet
  facet normal 0.38275349935978181 -0.92385050669891478 0
    outer loop
      vertex 29.707920074462891 18.655353546142578 0
      vertex 31.691440582275391 19.477130889892578 46.187965393066406
      vertex 29.707920074462891 18.655353546142578 46.187965393066406
    endloop
  endfacet
  facet normal 0.3488905889944639 -0.93716346328220457 0
    outer loop
      vertex 31.691440582275391 19.477130889892578 0
      vertex 33.696811676025391 20.223697662353516 0
      vertex 33.696811676025391 20.223697662353516 46.187965393066406
    endloop
  endfacet
  facet normal 0.3488905889944639 -0.93716346328220457 0
    outer loop
      vertex 31.691440582275391 19.477130889892578 0
      vertex 33.696811676025391 20.223697662353516 46.187965393066406
      vertex 31.691440582275391 19.477130889892578 46.187965393066406
    endloop
  endfacet
  facet normal 0.31469810964460587 -0.94919181401132602 0
    outer loop
      vertex 33.696811676025391 20.223697662353516 0
      vertex 35.719821929931641 20.894412994384766 0
      vertex 35.719821929931641 20.894412994384766 46.187965393066406
    endloop
  endfacet
  facet normal 0.31469810964460587 -0.94919181401132602 0
    outer loop
      vertex 33.696811676025391 20.223697662353516 0
      vertex 35.719821929931641 20.894412994384766 46.187965393066406
      vertex 33.696811676025391 20.223697662353516 46.187965393066406
    endloop
  endfacet
  facet normal 0.28022536364615686 -0.95993424023178764 0
    outer loop
      vertex 35.719821929931641 20.894412994384766 0
      vertex 37.756320953369141 21.488910675048828 0
      vertex 37.756320953369141 21.488910675048828 46.187965393066406
    endloop
  endfacet
  facet normal 0.28022536364615686 -0.95993424023178764 0
    outer loop
      vertex 35.719821929931641 20.894412994384766 0
      vertex 37.756320953369141 21.488910675048828 46.187965393066406
      vertex 35.719821929931641 20.894412994384766 46.187965393066406
    endloop
  endfacet
  facet normal 0.24558322744576477 -0.96937550948913587 0
    outer loop
      vertex 37.756320953369141 21.488910675048828 0
      vertex 39.801975250244141 22.007160186767578 0
      vertex 39.801975250244141 22.007160186767578 46.187965393066406
    endloop
  endfacet
  facet normal 0.24558322744576477 -0.96937550948913587 0
    outer loop
      vertex 37.756320953369141 21.488910675048828 0
      vertex 39.801975250244141 22.007160186767578 46.187965393066406
      vertex 37.756320953369141 21.488910675048828 46.187965393066406
    endloop
  endfacet
  facet normal 0.21080053195695087 -0.97752909712533187 0
    outer loop
      vertex 39.801975250244141 22.007160186767578 0
      vertex 41.852695465087891 22.449390411376953 0
      vertex 41.852695465087891 22.449390411376953 46.187965393066406
    endloop
  endfacet
  facet normal 0.21080053195695087 -0.97752909712533187 0
    outer loop
      vertex 39.801975250244141 22.007160186767578 0
      vertex 41.852695465087891 22.449390411376953 46.187965393066406
      vertex 39.801975250244141 22.007160186767578 46.187965393066406
    endloop
  endfacet
  facet normal 0.17597915000769521 -0.98439389411077161 0
    outer loop
      vertex 41.852695465087891 22.449390411376953 0
      vertex 43.904453277587891 22.816181182861328 0
      vertex 43.904453277587891 22.816181182861328 46.187965393066406
    endloop
  endfacet
  facet normal 0.17597915000769521 -0.98439389411077161 1.3555576415585829e-19
    outer loop
      vertex 41.852695465087891 22.449390411376953 0
      vertex 43.904453277587891 22.816181182861328 46.187965393066406
      vertex 41.852695465087891 22.449390411376953 46.187965393066406
    endloop
  endfacet
  facet normal 0.14116741834078719 -0.98998573727049077 0
    outer loop
      vertex 43.904453277587891 22.816181182861328 0
      vertex 45.953220367431641 23.108325958251953 0
      vertex 45.953220367431641 23.108325958251953 46.187965393066406
    endloop
  endfacet
  facet normal 0.14116741834078719 -0.98998573727049077 0
    outer loop
      vertex 43.904453277587891 22.816181182861328 0
      vertex 45.953220367431641 23.108325958251953 46.187965393066406
      vertex 43.904453277587891 22.816181182861328 46.187965393066406
    endloop
  endfacet
  facet normal 0.10643552987134605 -0.99431960554994869 0
    outer loop
      vertex 45.953220367431641 23.108325958251953 0
      vertex 47.995212554931641 23.326908111572266 0
      vertex 47.995212554931641 23.326908111572266 46.187965393066406
    endloop
  endfacet
  facet normal 0.10643552987134605 -0.99431960554994869 0
    outer loop
      vertex 45.953220367431641 23.108325958251953 0
      vertex 47.995212554931641 23.326908111572266 46.187965393066406
      vertex 45.953220367431641 23.108325958251953 46.187965393066406
    endloop
  endfacet
  facet normal 0.071864662972009316 -0.9974143924246931 0
    outer loop
      vertex 47.995212554931641 23.326908111572266 0
      vertex 50.026584625244141 23.473270416259766 0
      vertex 50.026584625244141 23.473270416259766 46.187965393066406
    endloop
  endfacet
  facet normal 0.071864662972009316 -0.9974143924246931 0
    outer loop
      vertex 47.995212554931641 23.326908111572266 0
      vertex 50.026584625244141 23.473270416259766 46.187965393066406
      vertex 47.995212554931641 23.326908111572266 46.187965393066406
    endloop
  endfacet
  facet normal 0.037490265979589953 -0.99929699286887674 0
    outer loop
      vertex 50.026584625244141 23.473270416259766 0
      vertex 52.043918609619141 23.548954010009766 0
      vertex 52.043918609619141 23.548954010009766 46.187965393066406
    endloop
  endfacet
  facet normal 0.037490265979589953 -0.99929699286887674 -8.2825942196606808e-20
    outer loop
      vertex 50.026584625244141 23.473270416259766 0
      vertex 52.043918609619141 23.548954010009766 46.187965393066406
      vertex 50.026584625244141 23.473270416259766 46.187965393066406
    endloop
  endfacet
  facet normal 0.0033952682280931228 -0.99999423606021809 0
    outer loop
      vertex 52.043918609619141 23.548954010009766 0
      vertex 54.043796539306641 23.555744171142578 0
      vertex 54.043796539306641 23.555744171142578 46.187965393066406
    endloop
  endfacet
  facet normal 0.0033952682280931228 -0.99999423606021809 0
    outer loop
      vertex 52.043918609619141 23.548954010009766 0
      vertex 54.043796539306641 23.555744171142578 46.187965393066406
      vertex 52.043918609619141 23.548954010009766 46.187965393066406
    endloop
  endfacet
  facet normal -0.030557309171071283 -0.99953301639126646 0
    outer loop
      vertex 54.043796539306641 23.555744171142578 0
      vertex 56.042758941650391 23.494632720947266 0
      vertex 56.042758941650391 23.494632720947266 46.187965393066406
    endloop
  endfacet
  facet normal -0.03055730917107128 -0.99953301639126635 -0
    outer loop
      vertex 54.043796539306641 23.555744171142578 0
      vertex 56.042758941650391 23.494632720947266 46.187965393066406
      vertex 54.043796539306641 23.555744171142578 46.187965393066406
    endloop
  endfacet
  facet normal -0.064623625373262716 -0.99790970886329 0
    outer loop
      vertex 56.042758941650391 23.494632720947266 0
      vertex 58.057346343994141 23.364170074462891 0
      vertex 58.057346343994141 23.364170074462891 46.187965393066406
    endloop
  endfacet
  facet normal -0.064623625373262716 -0.99790970886329 -0
    outer loop
      vertex 56.042758941650391 23.494632720947266 0
      vertex 58.057346343994141 23.364170074462891 46.187965393066406
      vertex 56.042758941650391 23.494632720947266 46.187965393066406
    endloop
  endfacet
  facet normal -0.09893994521502178 -0.99509340628950427 0
    outer loop
      vertex 58.057346343994141 23.364170074462891 0
      vertex 60.084018707275391 23.162662506103516 0
      vertex 60.084018707275391 23.162662506103516 46.187965393066406
    endloop
  endfacet
  facet normal -0.09893994521502178 -0.99509340628950427 -0
    outer loop
      vertex 58.057346343994141 23.364170074462891 0
      vertex 60.084018707275391 23.162662506103516 46.187965393066406
      vertex 58.057346343994141 23.364170074462891 46.187965393066406
    endloop
  endfacet
  facet normal -0.13340808250835964 -0.99106119060401243 0
    outer loop
      vertex 60.084018707275391 23.162662506103516 0
      vertex 62.119297027587891 22.888690948486328 0
      vertex 62.119297027587891 22.888690948486328 46.187965393066406
    endloop
  endfacet
  facet normal -0.13340808250835964 -0.99106119060401243 3.1902694755656107e-19
    outer loop
      vertex 60.084018707275391 23.162662506103516 0
      vertex 62.119297027587891 22.888690948486328 46.187965393066406
      vertex 60.084018707275391 23.162662506103516 46.187965393066406
    endloop
  endfacet
  facet normal -0.16801629794469439 -0.98578421757753865 0
    outer loop
      vertex 62.119297027587891 22.888690948486328 0
      vertex 64.159332275390625 22.540988922119141 0
      vertex 64.159332275390625 22.540988922119141 46.187965393066406
    endloop
  endfacet
  facet normal -0.16801629794469439 -0.98578421757753865 -0
    outer loop
      vertex 62.119297027587891 22.888690948486328 0
      vertex 64.159332275390625 22.540988922119141 46.187965393066406
      vertex 62.119297027587891 22.888690948486328 46.187965393066406
    endloop
  endfacet
  facet normal -0.20265837798275857 -0.97924949927656191 0
    outer loop
      vertex 64.159332275390625 22.540988922119141 0
      vertex 66.200347900390625 22.118595123291016 0
      vertex 66.200347900390625 22.118595123291016 46.187965393066406
    endloop
  endfacet
  facet normal -0.20265837798275857 -0.97924949927656191 -0
    outer loop
      vertex 64.159332275390625 22.540988922119141 0
      vertex 66.200347900390625 22.118595123291016 46.187965393066406
      vertex 64.159332275390625 22.540988922119141 46.187965393066406
    endloop
  endfacet
  facet normal -0.23727479728328341 -0.97144257193833994 0
    outer loop
      vertex 66.200347900390625 22.118595123291016 0
      vertex 68.238372802734375 21.620807647705078 0
      vertex 68.238372802734375 21.620807647705078 46.187965393066406
    endloop
  endfacet
  facet normal -0.23727479728328343 -0.97144257193834005 -0
    outer loop
      vertex 66.200347900390625 22.118595123291016 0
      vertex 68.238372802734375 21.620807647705078 46.187965393066406
      vertex 66.200347900390625 22.118595123291016 46.187965393066406
    endloop
  endfacet
  facet normal -0.27183007204318849 -0.96234526648858976 0
    outer loop
      vertex 68.238372802734375 21.620807647705078 0
      vertex 70.269195556640625 21.047168731689453 0
      vertex 70.269195556640625 21.047168731689453 46.187965393066406
    endloop
  endfacet
  facet normal -0.27183007204318849 -0.96234526648858965 -0
    outer loop
      vertex 68.238372802734375 21.620807647705078 0
      vertex 70.269195556640625 21.047168731689453 46.187965393066406
      vertex 68.238372802734375 21.620807647705078 46.187965393066406
    endloop
  endfacet
  facet normal -0.30621312896660213 -0.95196298228895604 0
    outer loop
      vertex 70.269195556640625 21.047168731689453 0
      vertex 72.288726806640625 20.397556304931641 0
      vertex 72.288726806640625 20.397556304931641 46.187965393066406
    endloop
  endfacet
  facet normal -0.30621312896660213 -0.95196298228895604 -0
    outer loop
      vertex 70.269195556640625 21.047168731689453 0
      vertex 72.288726806640625 20.397556304931641 46.187965393066406
      vertex 70.269195556640625 21.047168731689453 46.187965393066406
    endloop
  endfacet
  facet normal -0.34035792583902247 -0.94029595464330185 0
    outer loop
      vertex 72.288726806640625 20.397556304931641 0
      vertex 74.292816162109375 19.672138214111328 0
      vertex 74.292816162109375 19.672138214111328 46.187965393066406
    endloop
  endfacet
  facet normal -0.34035792583902247 -0.94029595464330185 -7.6139693146435829e-19
    outer loop
      vertex 72.288726806640625 20.397556304931641 0
      vertex 74.292816162109375 19.672138214111328 46.187965393066406
      vertex 72.288726806640625 20.397556304931641 46.187965393066406
    endloop
  endfacet
  facet normal -0.37423147412768543 -0.92733532434185828 0
    outer loop
      vertex 74.292816162109375 19.672138214111328 0
      vertex 76.277130126953125 18.871356964111328 0
      vertex 76.277130126953125 18.871356964111328 46.187965393066406
    endloop
  endfacet
  facet normal -0.37423147412768543 -0.92733532434185828 -0
    outer loop
      vertex 74.292816162109375 19.672138214111328 0
      vertex 76.277130126953125 18.871356964111328 46.187965393066406
      vertex 74.292816162109375 19.672138214111328 46.187965393066406
    endloop
  endfacet
  facet normal -0.40770925290141524 -0.91311180317558582 0
    outer loop
      vertex 76.277130126953125 18.871356964111328 0
      vertex 78.237579345703125 17.996006011962891 0
      vertex 78.237579345703125 17.996006011962891 46.187965393066406
    endloop
  endfacet
  facet normal -0.40770925290141524 -0.91311180317558582 -0
    outer loop
      vertex 76.277130126953125 18.871356964111328 0
      vertex 78.237579345703125 17.996006011962891 46.187965393066406
      vertex 76.277130126953125 18.871356964111328 46.187965393066406
    endloop
  endfacet
  facet normal -0.44076041971731222 -0.89762478375467036 0
    outer loop
      vertex 78.237579345703125 17.996006011962891 0
      vertex 80.169952392578125 17.047153472900391 0
      vertex 80.169952392578125 17.047153472900391 46.187965393066406
    endloop
  endfacet
  facet normal -0.44076041971731222 -0.89762478375467036 -0
    outer loop
      vertex 78.237579345703125 17.996006011962891 0
      vertex 80.169952392578125 17.047153472900391 46.187965393066406
      vertex 78.237579345703125 17.996006011962891 46.187965393066406
    endloop
  endfacet
  facet normal -0.47330150892041689 -0.88090049475162424 0
    outer loop
      vertex 80.169952392578125 17.047153472900391 0
      vertex 82.070098876953125 16.026218414306641 0
      vertex 82.070098876953125 16.026218414306641 46.187965393066406
    endloop
  endfacet
  facet normal -0.47330150892041689 -0.88090049475162424 -0
    outer loop
      vertex 80.169952392578125 17.047153472900391 0
      vertex 82.070098876953125 16.026218414306641 46.187965393066406
      vertex 80.169952392578125 17.047153472900391 46.187965393066406
    endloop
  endfacet
  facet normal -0.50524638778683151 -0.86297513731761655 0
    outer loop
      vertex 82.070098876953125 16.026218414306641 0
      vertex 83.934112548828125 14.934893608093262 0
      vertex 83.934112548828125 14.934893608093262 46.187965393066406
    endloop
  endfacet
  facet normal -0.50524638778683151 -0.86297513731761655 -0
    outer loop
      vertex 82.070098876953125 16.026218414306641 0
      vertex 83.934112548828125 14.934893608093262 46.187965393066406
      vertex 82.070098876953125 16.026218414306641 46.187965393066406
    endloop
  endfacet
  facet normal -0.53655707064746549 -0.84386403522025433 0
    outer loop
      vertex 83.934112548828125 14.934893608093262 0
      vertex 85.758087158203125 13.775149345397949 0
      vertex 85.758087158203125 13.775149345397949 46.187965393066406
    endloop
  endfacet
  facet normal -0.53655707064746549 -0.84386403522025433 -0
    outer loop
      vertex 83.934112548828125 14.934893608093262 0
      vertex 85.758087158203125 13.775149345397949 46.187965393066406
      vertex 83.934112548828125 14.934893608093262 46.187965393066406
    endloop
  endfacet
  facet normal -0.56714585500501014 -0.82361737424039083 0
    outer loop
      vertex 85.758087158203125 13.775149345397949 0
      vertex 87.538299560546875 12.549288749694824 0
      vertex 87.538299560546875 12.549288749694824 46.187965393066406
    endloop
  endfacet
  facet normal -0.56714585500501014 -0.82361737424039083 -0
    outer loop
      vertex 85.758087158203125 13.775149345397949 0
      vertex 87.538299560546875 12.549288749694824 46.187965393066406
      vertex 85.758087158203125 13.775149345397949 46.187965393066406
    endloop
  endfacet
  facet normal -0.59698010669618173 -0.80225603906048315 0
    outer loop
      vertex 87.538299560546875 12.549288749694824 0
      vertex 89.271148681640625 11.259829521179199 0
      vertex 89.271148681640625 11.259829521179199 46.187965393066406
    endloop
  endfacet
  facet normal -0.59698010669618173 -0.80225603906048315 -0
    outer loop
      vertex 87.538299560546875 12.549288749694824 0
      vertex 89.271148681640625 11.259829521179199 46.187965393066406
      vertex 87.538299560546875 12.549288749694824 46.187965393066406
    endloop
  endfacet
  facet normal -0.62597009066082787 -0.77984706551866634 0
    outer loop
      vertex 89.271148681640625 11.259829521179199 0
      vertex 90.953338623046875 9.9095640182495117 0
      vertex 90.953338623046875 9.9095640182495117 46.187965393066406
    endloop
  endfacet
  facet normal -0.62597009066082787 -0.77984706551866634 -0
    outer loop
      vertex 89.271148681640625 11.259829521179199 0
      vertex 90.953338623046875 9.9095640182495117 46.187965393066406
      vertex 89.271148681640625 11.259829521179199 46.187965393066406
    endloop
  endfacet
  facet normal -0.65406929556338078 -0.75643463471817762 0
    outer loop
      vertex 90.953338623046875 9.9095640182495117 0
      vertex 92.581756591796875 8.5015134811401367 0
      vertex 92.581756591796875 8.5015134811401367 46.187965393066406
    endloop
  endfacet
  facet normal -0.65406929556338078 -0.75643463471817762 -1.2299198497549935e-18
    outer loop
      vertex 90.953338623046875 9.9095640182495117 0
      vertex 92.581756591796875 8.5015134811401367 46.187965393066406
      vertex 90.953338623046875 9.9095640182495117 46.187965393066406
    endloop
  endfacet
  facet normal -0.68123840620002951 -0.73206163259526424 0
    outer loop
      vertex 92.581756591796875 8.5015134811401367 0
      vertex 94.153472900390625 7.0389132499694824 0
      vertex 94.153472900390625 7.0389132499694824 46.187965393066406
    endloop
  endfacet
  facet normal -0.68123840620002951 -0.73206163259526424 -0
    outer loop
      vertex 92.581756591796875 8.5015134811401367 0
      vertex 94.153472900390625 7.0389132499694824 46.187965393066406
      vertex 92.581756591796875 8.5015134811401367 46.187965393066406
    endloop
  endfacet
  facet normal -0.70741333702242259 -0.70680009239020347 0
    outer loop
      vertex 94.153472900390625 7.0389132499694824 0
      vertex 95.665924072265625 5.5251498222351074 0
      vertex 95.665924072265625 5.5251498222351074 46.187965393066406
    endloop
  endfacet
  facet normal -0.70741333702242259 -0.70680009239020347 -2.6167761780211346e-21
    outer loop
      vertex 94.153472900390625 7.0389132499694824 0
      vertex 95.665924072265625 5.5251498222351074 46.187965393066406
      vertex 94.153472900390625 7.0389132499694824 46.187965393066406
    endloop
  endfacet
  facet normal -0.73257620147788438 -0.68068502923763086 0
    outer loop
      vertex 95.665924072265625 5.5251498222351074 0
      vertex 97.116668701171875 3.9638094902038574 0
      vertex 97.116668701171875 3.9638094902038574 46.187965393066406
    endloop
  endfacet
  facet normal -0.73257620147788438 -0.68068502923763075 -0
    outer loop
      vertex 95.665924072265625 5.5251498222351074 0
      vertex 97.116668701171875 3.9638094902038574 46.187965393066406
      vertex 95.665924072265625 5.5251498222351074 46.187965393066406
    endloop
  endfacet
  facet normal -0.75664394993438655 -0.65382714307964407 0
    outer loop
      vertex 97.116668701171875 3.9638094902038574 0
      vertex 98.503753662109375 2.3586001396179199 0
      vertex 98.503753662109375 2.3586001396179199 46.187965393066406
    endloop
  endfacet
  facet normal -0.75664394993438655 -0.65382714307964407 -0
    outer loop
      vertex 97.116668701171875 3.9638094902038574 0
      vertex 98.503753662109375 2.3586001396179199 46.187965393066406
      vertex 97.116668701171875 3.9638094902038574 46.187965393066406
    endloop
  endfacet
  facet normal -0.77967377555858108 -0.6261859178440754 0
    outer loop
      vertex 98.503753662109375 2.3586001396179199 0
      vertex 99.825164794921875 0.71329069137573242 0
      vertex 99.825164794921875 0.71329069137573242 46.187965393066406
    endloop
  endfacet
  facet normal -0.77967377555858108 -0.6261859178440754 -0
    outer loop
      vertex 98.503753662109375 2.3586001396179199 0
      vertex 99.825164794921875 0.71329069137573242 46.187965393066406
      vertex 98.503753662109375 2.3586001396179199 46.187965393066406
    endloop
  endfacet
  facet normal -0.80151001273389477 -0.59798135379567774 0
    outer loop
      vertex 99.825164794921875 0.71329069137573242 0
      vertex 101.07968139648438 -0.96821260452270508 0
      vertex 101.07968139648438 -0.96821260452270508 46.187965393066406
    endloop
  endfacet
  facet normal -0.80151001273389477 -0.59798135379567774 -0
    outer loop
      vertex 99.825164794921875 0.71329069137573242 0
      vertex 101.07968139648438 -0.96821260452270508 46.187965393066406
      vertex 99.825164794921875 0.71329069137573242 46.187965393066406
    endloop
  endfacet
  facet normal -0.82223040480344334 -0.56915477808480675 0
    outer loop
      vertex 101.07968139648438 -0.96821260452270508 0
      vertex 102.26596069335938 -2.6819729804992676 0
      vertex 102.26596069335938 -2.6819729804992676 46.187965393066406
    endloop
  endfacet
  facet normal -0.82223040480344334 -0.56915477808480675 6.1054042796632673e-19
    outer loop
      vertex 101.07968139648438 -0.96821260452270508 0
      vertex 102.26596069335938 -2.6819729804992676 46.187965393066406
      vertex 101.07968139648438 -0.96821260452270508 46.187965393066406
    endloop
  endfacet
  facet normal -0.84180294089337004 -0.53978496524382125 0
    outer loop
      vertex 102.26596069335938 -2.6819729804992676 0
      vertex 103.38302612304688 -4.4240536689758301 0
      vertex 103.38302612304688 -4.4240536689758301 46.187965393066406
    endloop
  endfacet
  facet normal -0.84180294089337004 -0.53978496524382125 -0
    outer loop
      vertex 102.26596069335938 -2.6819729804992676 0
      vertex 103.38302612304688 -4.4240536689758301 46.187965393066406
      vertex 102.26596069335938 -2.6819729804992676 46.187965393066406
    endloop
  endfacet
  facet normal -0.86013990746655244 -0.51005817274447274 0
    outer loop
      vertex 103.38302612304688 -4.4240536689758301 0
      vertex 104.43051147460938 -6.1904873847961426 0
      vertex 104.43051147460938 -6.1904873847961426 46.187965393066406
    endloop
  endfacet
  facet normal -0.86013990746655244 -0.51005817274447274 -0
    outer loop
      vertex 103.38302612304688 -4.4240536689758301 0
      vertex 104.43051147460938 -6.1904873847961426 46.187965393066406
      vertex 103.38302612304688 -4.4240536689758301 46.187965393066406
    endloop
  endfacet
  facet normal -0.87735157455907553 -0.47984811619793916 0
    outer loop
      vertex 104.43051147460938 -6.1904873847961426 0
      vertex 105.40780639648438 -7.9773678779602051 0
      vertex 105.40780639648438 -7.9773678779602051 46.187965393066406
    endloop
  endfacet
  facet normal -0.87735157455907553 -0.47984811619793916 -0
    outer loop
      vertex 104.43051147460938 -6.1904873847961426 0
      vertex 105.40780639648438 -7.9773678779602051 46.187965393066406
      vertex 104.43051147460938 -6.1904873847961426 46.187965393066406
    endloop
  endfacet
  facet normal -0.89335740960569143 -0.449346791134207 0
    outer loop
      vertex 105.40780639648438 -7.9773678779602051 0
      vertex 106.31491088867188 -9.7808046340942383 0
      vertex 106.31491088867188 -9.7808046340942383 46.187965393066406
    endloop
  endfacet
  facet normal -0.89335740960569143 -0.449346791134207 -0
    outer loop
      vertex 105.40780639648438 -7.9773678779602051 0
      vertex 106.31491088867188 -9.7808046340942383 46.187965393066406
      vertex 105.40780639648438 -7.9773678779602051 46.187965393066406
    endloop
  endfacet
  facet normal -0.90814241258134998 -0.41866138879878206 0
    outer loop
      vertex 106.31491088867188 -9.7808046340942383 0
      vertex 107.15219116210938 -11.596997261047363 0
      vertex 107.15219116210938 -11.596997261047363 46.187965393066406
    endloop
  endfacet
  facet normal -0.90814241258134998 -0.41866138879878206 -0
    outer loop
      vertex 106.31491088867188 -9.7808046340942383 0
      vertex 107.15219116210938 -11.596997261047363 46.187965393066406
      vertex 106.31491088867188 -9.7808046340942383 46.187965393066406
    endloop
  endfacet
  facet normal 1 0 -0
    outer loop
      vertex 107.15219116210938 -11.596997261047363 0
      vertex 107.15219116210938 -1.0229763984680176 0
      vertex 107.15219116210938 -1.0229763984680176 46.187965393066406
    endloop
  endfacet
  facet normal 1 -0 0
    outer loop
      vertex 107.15219116210938 -11.596997261047363 0
      vertex 107.15219116210938 -1.0229763984680176 46.187965393066406
      vertex 107.15219116210938 -11.596997261047363 46.187965393066406
    endloop
  endfacet
  facet normal 0.8353943234318979 0.54965109331080353 -0
    outer loop
      vertex 107.15219116210938 -1.0229763984680176 0
      vertex 106.10128784179688 0.57425260543823242 0
      vertex 106.10128784179688 0.57425260543823242 46.187965393066406
    endloop
  endfacet
  facet normal 0.8353943234318979 0.54965109331080353 0
    outer loop
      vertex 107.15219116210938 -1.0229763984680176 0
      vertex 106.10128784179688 0.57425260543823242 46.187965393066406
      vertex 107.15219116210938 -1.0229763984680176 46.187965393066406
    endloop
  endfacet
  facet normal 0.81852845295989785 0.574465988283968 -0
    outer loop
      vertex 106.10128784179688 0.57425260543823242 0
      vertex 104.99508666992188 2.1504244804382324 0
      vertex 104.99508666992188 2.1504244804382324 46.187965393066406
    endloop
  endfacet
  facet normal 0.81852845295989785 0.574465988283968 0
    outer loop
      vertex 106.10128784179688 0.57425260543823242 0
      vertex 104.99508666992188 2.1504244804382324 46.187965393066406
      vertex 106.10128784179688 0.57425260543823242 46.187965393066406
    endloop
  endfacet
  facet normal 0.80078609580462234 0.59895043932364711 -0
    outer loop
      vertex 104.99508666992188 2.1504244804382324 0
      vertex 103.83395385742188 3.7028384208679199 0
      vertex 103.83395385742188 3.7028384208679199 46.187965393066406
    endloop
  endfacet
  facet normal 0.80078609580462234 0.59895043932364711 0
    outer loop
      vertex 104.99508666992188 2.1504244804382324 0
      vertex 103.83395385742188 3.7028384208679199 46.187965393066406
      vertex 104.99508666992188 2.1504244804382324 46.187965393066406
    endloop
  endfacet
  facet normal 0.7821826577650095 0.62304918737742221 -0
    outer loop
      vertex 103.83395385742188 3.7028384208679199 0
      vertex 102.61849975585938 5.2287325859069824 0
      vertex 102.61849975585938 5.2287325859069824 46.187965393066406
    endloop
  endfacet
  facet normal 0.7821826577650095 0.62304918737742221 0
    outer loop
      vertex 103.83395385742188 3.7028384208679199 0
      vertex 102.61849975585938 5.2287325859069824 46.187965393066406
      vertex 103.83395385742188 3.7028384208679199 46.187965393066406
    endloop
  endfacet
  facet normal 0.76275646314277734 0.64668584176083599 -0
    outer loop
      vertex 102.61849975585938 5.2287325859069824 0
      vertex 101.34957885742188 6.7254061698913574 0
      vertex 101.34957885742188 6.7254061698913574 46.187965393066406
    endloop
  endfacet
  facet normal 0.76275646314277734 0.64668584176083599 2.6466755262233119e-18
    outer loop
      vertex 102.61849975585938 5.2287325859069824 0
      vertex 101.34957885742188 6.7254061698913574 46.187965393066406
      vertex 102.61849975585938 5.2287325859069824 46.187965393066406
    endloop
  endfacet
  facet normal 0.7424727587147204 0.66987625914533833 -0
    outer loop
      vertex 101.34957885742188 6.7254061698913574 0
      vertex 100.02804565429688 8.1901578903198242 0
      vertex 100.02804565429688 8.1901578903198242 46.187965393066406
    endloop
  endfacet
  facet normal 0.7424727587147204 0.66987625914533833 0
    outer loop
      vertex 101.34957885742188 6.7254061698913574 0
      vertex 100.02804565429688 8.1901578903198242 46.187965393066406
      vertex 101.34957885742188 6.7254061698913574 46.187965393066406
    endloop
  endfacet
  facet normal 0.72139470373218306 0.69252413779387911 -0
    outer loop
      vertex 100.02804565429688 8.1901578903198242 0
      vertex 98.655120849609375 9.6203184127807617 0
      vertex 98.655120849609375 9.6203184127807617 46.187965393066406
    endloop
  endfacet
  facet normal 0.72139470373218306 0.69252413779387911 0
    outer loop
      vertex 100.02804565429688 8.1901578903198242 0
      vertex 98.655120849609375 9.6203184127807617 46.187965393066406
      vertex 100.02804565429688 8.1901578903198242 46.187965393066406
    endloop
  endfacet
  facet normal 0.69953415814263242 0.71459916148263036 -0
    outer loop
      vertex 98.655120849609375 9.6203184127807617 0
      vertex 97.232147216796875 11.013293266296387 0
      vertex 97.232147216796875 11.013293266296387 46.187965393066406
    endloop
  endfacet
  facet normal 0.69953415814263242 0.71459916148263036 0
    outer loop
      vertex 98.655120849609375 9.6203184127807617 0
      vertex 97.232147216796875 11.013293266296387 46.187965393066406
      vertex 98.655120849609375 9.6203184127807617 46.187965393066406
    endloop
  endfacet
  facet normal 0.67687264400814584 0.73610014522035105 -0
    outer loop
      vertex 97.232147216796875 11.013293266296387 0
      vertex 95.760528564453125 12.366503715515137 0
      vertex 95.760528564453125 12.366503715515137 46.187965393066406
    endloop
  endfacet
  facet normal 0.67687264400814584 0.73610014522035105 0
    outer loop
      vertex 97.232147216796875 11.013293266296387 0
      vertex 95.760528564453125 12.366503715515137 46.187965393066406
      vertex 97.232147216796875 11.013293266296387 46.187965393066406
    endloop
  endfacet
  facet normal 0.65346500497228532 0.75695672747956422 -0
    outer loop
      vertex 95.760528564453125 12.366503715515137 0
      vertex 94.241912841796875 13.677493095397949 0
      vertex 94.241912841796875 13.677493095397949 46.187965393066406
    endloop
  endfacet
  facet normal 0.65346500497228532 0.75695672747956422 0
    outer loop
      vertex 95.760528564453125 12.366503715515137 0
      vertex 94.241912841796875 13.677493095397949 46.187965393066406
      vertex 95.760528564453125 12.366503715515137 46.187965393066406
    endloop
  endfacet
  facet normal 0.62936880670858131 0.77710675273234908 -0
    outer loop
      vertex 94.241912841796875 13.677493095397949 0
      vertex 92.678253173828125 14.943881034851074 0
      vertex 92.678253173828125 14.943881034851074 46.187965393066406
    endloop
  endfacet
  facet normal 0.62936880670858131 0.77710675273234908 0
    outer loop
      vertex 94.241912841796875 13.677493095397949 0
      vertex 92.678253173828125 14.943881034851074 46.187965393066406
      vertex 94.241912841796875 13.677493095397949 46.187965393066406
    endloop
  endfacet
  facet normal 0.60455083378411578 0.79656656305103002 -0
    outer loop
      vertex 92.678253173828125 14.943881034851074 0
      vertex 91.071380615234375 16.163410186767578 0
      vertex 91.071380615234375 16.163410186767578 46.187965393066406
    endloop
  endfacet
  facet normal 0.60455083378411578 0.79656656305103002 0
    outer loop
      vertex 92.678253173828125 14.943881034851074 0
      vertex 91.071380615234375 16.163410186767578 46.187965393066406
      vertex 92.678253173828125 14.943881034851074 46.187965393066406
    endloop
  endfacet
  facet normal 0.57908171278284659 0.8152695075375288 -0
    outer loop
      vertex 91.071380615234375 16.163410186767578 0
      vertex 89.423492431640625 17.333896636962891 0
      vertex 89.423492431640625 17.333896636962891 46.187965393066406
    endloop
  endfacet
  facet normal 0.57908171278284659 0.8152695075375288 7.6409999341487752e-19
    outer loop
      vertex 91.071380615234375 16.163410186767578 0
      vertex 89.423492431640625 17.333896636962891 46.187965393066406
      vertex 91.071380615234375 16.163410186767578 46.187965393066406
    endloop
  endfacet
  facet normal 0.55298912406820366 0.83318847127302531 -0
    outer loop
      vertex 89.423492431640625 17.333896636962891 0
      vertex 87.736846923828125 18.453327178955078 0
      vertex 87.736846923828125 18.453327178955078 46.187965393066406
    endloop
  endfacet
  facet normal 0.55298912406820366 0.83318847127302531 0
    outer loop
      vertex 89.423492431640625 17.333896636962891 0
      vertex 87.736846923828125 18.453327178955078 46.187965393066406
      vertex 89.423492431640625 17.333896636962891 46.187965393066406
    endloop
  endfacet
  facet normal 0.52632532048060987 0.85028328045480428 -0
    outer loop
      vertex 87.736846923828125 18.453327178955078 0
      vertex 86.013885498046875 19.519840240478516 0
      vertex 86.013885498046875 19.519840240478516 46.187965393066406
    endloop
  endfacet
  facet normal 0.52632532048060987 0.85028328045480428 -1.0830813928726045e-18
    outer loop
      vertex 87.736846923828125 18.453327178955078 0
      vertex 86.013885498046875 19.519840240478516 46.187965393066406
      vertex 87.736846923828125 18.453327178955078 46.187965393066406
    endloop
  endfacet
  facet normal 0.49908074606028563 0.86655548518944137 -0
    outer loop
      vertex 86.013885498046875 19.519840240478516 0
      vertex 84.257049560546875 20.531665802001953 0
      vertex 84.257049560546875 20.531665802001953 46.187965393066406
    endloop
  endfacet
  facet normal 0.49908074606028563 0.86655548518944137 0
    outer loop
      vertex 86.013885498046875 19.519840240478516 0
      vertex 84.257049560546875 20.531665802001953 46.187965393066406
      vertex 86.013885498046875 19.519840240478516 46.187965393066406
    endloop
  endfacet
  facet normal 0.47134315671402477 0.88194990142233032 -0
    outer loop
      vertex 84.257049560546875 20.531665802001953 0
      vertex 82.468963623046875 21.487277984619141 0
      vertex 82.468963623046875 21.487277984619141 46.187965393066406
    endloop
  endfacet
  facet normal 0.47134315671402477 0.88194990142233032 0
    outer loop
      vertex 84.257049560546875 20.531665802001953 0
      vertex 82.468963623046875 21.487277984619141 46.187965393066406
      vertex 84.257049560546875 20.531665802001953 46.187965393066406
    endloop
  endfacet
  facet normal 0.44314268474212892 0.89645109234109266 -0
    outer loop
      vertex 82.468963623046875 21.487277984619141 0
      vertex 80.652435302734375 22.385242462158203 0
      vertex 80.652435302734375 22.385242462158203 46.187965393066406
    endloop
  endfacet
  facet normal 0.44314268474212887 0.89645109234109255 0
    outer loop
      vertex 82.468963623046875 21.487277984619141 0
      vertex 80.652435302734375 22.385242462158203 46.187965393066406
      vertex 82.468963623046875 21.487277984619141 46.187965393066406
    endloop
  endfacet
  facet normal 0.41451384114025969 0.91004300750192446 -0
    outer loop
      vertex 80.652435302734375 22.385242462158203 0
      vertex 78.810211181640625 23.224353790283203 0
      vertex 78.810211181640625 23.224353790283203 46.187965393066406
    endloop
  endfacet
  facet normal 0.41451384114025963 0.91004300750192446 -1.0568038778432501e-18
    outer loop
      vertex 80.652435302734375 22.385242462158203 0
      vertex 78.810211181640625 23.224353790283203 46.187965393066406
      vertex 80.652435302734375 22.385242462158203 46.187965393066406
    endloop
  endfacet
  facet normal 0.38551789526704816 0.92270035896214175 -0
    outer loop
      vertex 78.810211181640625 23.224353790283203 0
      vertex 76.945220947265625 24.003574371337891 0
      vertex 76.945220947265625 24.003574371337891 46.187965393066406
    endloop
  endfacet
  facet normal 0.38551789526704816 0.92270035896214175 0
    outer loop
      vertex 78.810211181640625 23.224353790283203 0
      vertex 76.945220947265625 24.003574371337891 46.187965393066406
      vertex 78.810211181640625 23.224353790283203 46.187965393066406
    endloop
  endfacet
  facet normal 0.35616172000647206 0.93442433037781691 -0
    outer loop
      vertex 76.945220947265625 24.003574371337891 0
      vertex 75.060272216796875 24.722034454345703 0
      vertex 75.060272216796875 24.722034454345703 46.187965393066406
    endloop
  endfacet
  facet normal 0.35616172000647206 0.93442433037781691 0
    outer loop
      vertex 76.945220947265625 24.003574371337891 0
      vertex 75.060272216796875 24.722034454345703 46.187965393066406
      vertex 76.945220947265625 24.003574371337891 46.187965393066406
    endloop
  endfacet
  facet normal 0.32653491053899875 0.94518514175757551 -0
    outer loop
      vertex 75.060272216796875 24.722034454345703 0
      vertex 73.158355712890625 25.379093170166016 0
      vertex 73.158355712890625 25.379093170166016 46.187965393066406
    endloop
  endfacet
  facet normal 0.32653491053899875 0.94518514175757551 0
    outer loop
      vertex 75.060272216796875 24.722034454345703 0
      vertex 73.158355712890625 25.379093170166016 46.187965393066406
      vertex 75.060272216796875 24.722034454345703 46.187965393066406
    endloop
  endfacet
  facet normal 0.29665661340787675 0.95498421647761778 -0
    outer loop
      vertex 73.158355712890625 25.379093170166016 0
      vertex 71.242462158203125 25.974246978759766 0
      vertex 71.242462158203125 25.974246978759766 46.187965393066406
    endloop
  endfacet
  facet normal 0.29665661340787675 0.95498421647761789 0
    outer loop
      vertex 73.158355712890625 25.379093170166016 0
      vertex 71.242462158203125 25.974246978759766 46.187965393066406
      vertex 73.158355712890625 25.379093170166016 46.187965393066406
    endloop
  endfacet
  facet normal 0.26659736854094251 0.96380799077775081 -0
    outer loop
      vertex 71.242462158203125 25.974246978759766 0
      vertex 69.315643310546875 26.507221221923828 0
      vertex 69.315643310546875 26.507221221923828 46.187965393066406
    endloop
  endfacet
  facet normal 0.26659736854094251 0.96380799077775081 0
    outer loop
      vertex 71.242462158203125 25.974246978759766 0
      vertex 69.315643310546875 26.507221221923828 46.187965393066406
      vertex 71.242462158203125 25.974246978759766 46.187965393066406
    endloop
  endfacet
  facet normal 0.23637895338700035 0.97166094415473259 -0
    outer loop
      vertex 69.315643310546875 26.507221221923828 0
      vertex 67.380767822265625 26.977924346923828 0
      vertex 67.380767822265625 26.977924346923828 46.187965393066406
    endloop
  endfacet
  facet normal 0.23637895338700035 0.97166094415473259 0
    outer loop
      vertex 69.315643310546875 26.507221221923828 0
      vertex 67.380767822265625 26.977924346923828 46.187965393066406
      vertex 69.315643310546875 26.507221221923828 46.187965393066406
    endloop
  endfacet
  facet normal 0.20605121065721127 0.97854120944735767 -0
    outer loop
      vertex 67.380767822265625 26.977924346923828 0
      vertex 65.440826416015625 27.386417388916016 0
      vertex 65.440826416015625 27.386417388916016 46.187965393066406
    endloop
  endfacet
  facet normal 0.2060512106572113 0.97854120944735778 0
    outer loop
      vertex 67.380767822265625 26.977924346923828 0
      vertex 65.440826416015625 27.386417388916016 46.187965393066406
      vertex 67.380767822265625 26.977924346923828 46.187965393066406
    endloop
  endfacet
  facet normal 0.17568175189486643 0.98444701332837126 -0
    outer loop
      vertex 65.440826416015625 27.386417388916016 0
      vertex 63.498691558837891 27.733005523681641 0
      vertex 63.498691558837891 27.733005523681641 46.187965393066406
    endloop
  endfacet
  facet normal 0.17568175189486643 0.98444701332837126 0
    outer loop
      vertex 65.440826416015625 27.386417388916016 0
      vertex 63.498691558837891 27.733005523681641 46.187965393066406
      vertex 65.440826416015625 27.386417388916016 46.187965393066406
    endloop
  endfacet
  facet normal 0.14529160720496073 0.98938887646657903 -0
    outer loop
      vertex 63.498691558837891 27.733005523681641 0
      vertex 61.557285308837891 28.018100738525391 0
      vertex 61.557285308837891 28.018100738525391 46.187965393066406
    endloop
  endfacet
  facet normal 0.14529160720496073 0.98938887646657903 0
    outer loop
      vertex 63.498691558837891 27.733005523681641 0
      vertex 61.557285308837891 28.018100738525391 46.187965393066406
      vertex 63.498691558837891 27.733005523681641 46.187965393066406
    endloop
  endfacet
  facet normal 0.11494177113387999 0.99337223096310023 -0
    outer loop
      vertex 61.557285308837891 28.018100738525391 0
      vertex 59.619419097900391 28.242328643798828 0
      vertex 59.619419097900391 28.242328643798828 46.187965393066406
    endloop
  endfacet
  facet normal 0.11494177113387997 0.99337223096310012 0
    outer loop
      vertex 61.557285308837891 28.018100738525391 0
      vertex 59.619419097900391 28.242328643798828 46.187965393066406
      vertex 61.557285308837891 28.018100738525391 46.187965393066406
    endloop
  endfacet
  facet normal 0.084668647046529974 0.99640916304864957 -0
    outer loop
      vertex 59.619419097900391 28.242328643798828 0
      vertex 57.687778472900391 28.406467437744141 0
      vertex 57.687778472900391 28.406467437744141 46.187965393066406
    endloop
  endfacet
  facet normal 0.084668647046529974 0.99640916304864957 0
    outer loop
      vertex 59.619419097900391 28.242328643798828 0
      vertex 57.687778472900391 28.406467437744141 46.187965393066406
      vertex 59.619419097900391 28.242328643798828 46.187965393066406
    endloop
  endfacet
  facet normal 0.054500978846836648 0.99851371713398951 -0
    outer loop
      vertex 57.687778472900391 28.406467437744141 0
      vertex 55.764987945556641 28.511417388916016 0
      vertex 55.764987945556641 28.511417388916016 46.187965393066406
    endloop
  endfacet
  facet normal 0.054500978846836648 0.99851371713398951 0
    outer loop
      vertex 57.687778472900391 28.406467437744141 0
      vertex 55.764987945556641 28.511417388916016 46.187965393066406
      vertex 57.687778472900391 28.406467437744141 46.187965393066406
    endloop
  endfacet
  facet normal 0.024500881431419839 0.99969980834702765 -0
    outer loop
      vertex 55.764987945556641 28.511417388916016 0
      vertex 53.853610992431641 28.558261871337891 0
      vertex 53.853610992431641 28.558261871337891 46.187965393066406
    endloop
  endfacet
  facet normal 0.024500881431419839 0.99969980834702765 0
    outer loop
      vertex 55.764987945556641 28.511417388916016 0
      vertex 53.853610992431641 28.558261871337891 46.187965393066406
      vertex 55.764987945556641 28.511417388916016 46.187965393066406
    endloop
  endfacet
  facet normal -0.005411107090252206 0.99998535985286197 0
    outer loop
      vertex 53.853610992431641 28.558261871337891 0
      vertex 51.941745758056641 28.547916412353516 0
      vertex 51.941745758056641 28.547916412353516 46.187965393066406
    endloop
  endfacet
  facet normal -0.005411107090252206 0.99998535985286197 0
    outer loop
      vertex 53.853610992431641 28.558261871337891 0
      vertex 51.941745758056641 28.547916412353516 46.187965393066406
      vertex 53.853610992431641 28.558261871337891 46.187965393066406
    endloop
  endfacet
  facet normal -0.035428109966592992 0.99937222746291832 -0
    outer loop
      vertex 51.941745758056641 28.547916412353516 0
      vertex 50.017307281494141 28.479694366455078 0
      vertex 50.017307281494141 28.479694366455078 46.187965393066406
    endloop
  endfacet
  facet normal -0.035428109966592992 0.99937222746291832 0
    outer loop
      vertex 51.941745758056641 28.547916412353516 0
      vertex 50.017307281494141 28.479694366455078 46.187965393066406
      vertex 51.941745758056641 28.547916412353516 46.187965393066406
    endloop
  endfacet
  facet normal -0.06562775864480952 0.99784417485660493 0
    outer loop
      vertex 50.017307281494141 28.479694366455078 0
      vertex 48.082859039306641 28.352466583251953 0
      vertex 48.082859039306641 28.352466583251953 46.187965393066406
    endloop
  endfacet
  facet normal -0.06562775864480952 0.99784417485660493 0
    outer loop
      vertex 50.017307281494141 28.479694366455078 0
      vertex 48.082859039306641 28.352466583251953 46.187965393066406
      vertex 50.017307281494141 28.479694366455078 46.187965393066406
    endloop
  endfacet
  facet normal -0.095948481522292489 0.99538630133911643 0
    outer loop
      vertex 48.082859039306641 28.352466583251953 0
      vertex 46.141025543212891 28.165287017822266 0
      vertex 46.141025543212891 28.165287017822266 46.187965393066406
    endloop
  endfacet
  facet normal -0.095948481522292489 0.99538630133911643 0
    outer loop
      vertex 48.082859039306641 28.352466583251953 0
      vertex 46.141025543212891 28.165287017822266 46.187965393066406
      vertex 48.082859039306641 28.352466583251953 46.187965393066406
    endloop
  endfacet
  facet normal -0.12638116917348841 0.99198175390394261 -0
    outer loop
      vertex 46.141025543212891 28.165287017822266 0
      vertex 44.194553375244141 27.917301177978516 0
      vertex 44.194553375244141 27.917301177978516 46.187965393066406
    endloop
  endfacet
  facet normal -0.12638116917348841 0.99198175390394261 3.8786492499331992e-20
    outer loop
      vertex 46.141025543212891 28.165287017822266 0
      vertex 44.194553375244141 27.917301177978516 46.187965393066406
      vertex 46.141025543212891 28.165287017822266 46.187965393066406
    endloop
  endfacet
  facet normal -0.15685101287522915 0.98762227585247109 -0
    outer loop
      vertex 44.194553375244141 27.917301177978516 0
      vertex 42.246189117431641 27.607868194580078 0
      vertex 42.246189117431641 27.607868194580078 46.187965393066406
    endloop
  endfacet
  facet normal -0.15685101287522915 0.98762227585247098 0
    outer loop
      vertex 44.194553375244141 27.917301177978516 0
      vertex 42.246189117431641 27.607868194580078 46.187965393066406
      vertex 44.194553375244141 27.917301177978516 46.187965393066406
    endloop
  endfacet
  facet normal -0.18733987395638169 0.98229515504557341 -0
    outer loop
      vertex 42.246189117431641 27.607868194580078 0
      vertex 40.298801422119141 27.236469268798828 0
      vertex 40.298801422119141 27.236469268798828 46.187965393066406
    endloop
  endfacet
  facet normal -0.18733987395638169 0.98229515504557341 0
    outer loop
      vertex 42.246189117431641 27.607868194580078 0
      vertex 40.298801422119141 27.236469268798828 46.187965393066406
      vertex 42.246189117431641 27.607868194580078 46.187965393066406
    endloop
  endfacet
  facet normal -0.21778473301600601 0.9759968289216655 -0
    outer loop
      vertex 40.298801422119141 27.236469268798828 0
      vertex 38.355319976806641 26.802799224853516 0
      vertex 38.355319976806641 26.802799224853516 46.187965393066406
    endloop
  endfacet
  facet normal -0.21778473301600601 0.9759968289216655 5.7693526487889776e-19
    outer loop
      vertex 40.298801422119141 27.236469268798828 0
      vertex 38.355319976806641 26.802799224853516 46.187965393066406
      vertex 40.298801422119141 27.236469268798828 46.187965393066406
    endloop
  endfacet
  facet normal -0.24814176883573283 0.96872372870652534 -0
    outer loop
      vertex 38.355319976806641 26.802799224853516 0
      vertex 36.418613433837891 26.306705474853516 0
      vertex 36.418613433837891 26.306705474853516 46.187965393066406
    endloop
  endfacet
  facet normal -0.24814176883573283 0.96872372870652534 0
    outer loop
      vertex 38.355319976806641 26.802799224853516 0
      vertex 36.418613433837891 26.306705474853516 46.187965393066406
      vertex 38.355319976806641 26.802799224853516 46.187965393066406
    endloop
  endfacet
  facet normal -0.27837571067570416 0.96047226076852243 -0
    outer loop
      vertex 36.418613433837891 26.306705474853516 0
      vertex 34.491733551025391 25.748233795166016 0
      vertex 34.491733551025391 25.748233795166016 46.187965393066406
    endloop
  endfacet
  facet normal -0.27837571067570416 0.96047226076852243 -4.0367651217166249e-19
    outer loop
      vertex 36.418613433837891 26.306705474853516 0
      vertex 34.491733551025391 25.748233795166016 46.187965393066406
      vertex 36.418613433837891 26.306705474853516 46.187965393066406
    endloop
  endfacet
  facet normal -0.30843441284626716 0.95124561127617224 -0
    outer loop
      vertex 34.491733551025391 25.748233795166016 0
      vertex 32.577671051025391 25.127613067626953 0
      vertex 32.577671051025391 25.127613067626953 46.187965393066406
    endloop
  endfacet
  facet normal -0.30843441284626716 0.95124561127617224 0
    outer loop
      vertex 34.491733551025391 25.748233795166016 0
      vertex 32.577671051025391 25.127613067626953 46.187965393066406
      vertex 34.491733551025391 25.748233795166016 46.187965393066406
    endloop
  endfacet
  facet normal -0.33825817968393379 0.94105334805042351 0
    outer loop
      vertex 32.577671051025391 25.127613067626953 0
      vertex 30.679355621337891 24.445270538330078 0
      vertex 30.679355621337891 24.445270538330078 46.187965393066406
    endloop
  endfacet
  facet normal -0.33825817968393379 0.94105334805042351 0
    outer loop
      vertex 32.577671051025391 25.127613067626953 0
      vertex 30.679355621337891 24.445270538330078 46.187965393066406
      vertex 32.577671051025391 25.127613067626953 46.187965393066406
    endloop
  endfacet
  facet normal -0.36782164456690208 0.92989635862718578 -0
    outer loop
      vertex 30.679355621337891 24.445270538330078 0
      vertex 28.799777984619141 23.701801300048828 0
      vertex 28.799777984619141 23.701801300048828 46.187965393066406
    endloop
  endfacet
  facet normal -0.36782164456690208 0.92989635862718578 -6.8944815622079722e-19
    outer loop
      vertex 30.679355621337891 24.445270538330078 0
      vertex 28.799777984619141 23.701801300048828 46.187965393066406
      vertex 30.679355621337891 24.445270538330078 46.187965393066406
    endloop
  endfacet
  facet normal -0.39706372228033293 0.91779104400124034 -0
    outer loop
      vertex 28.799777984619141 23.701801300048828 0
      vertex 26.941867828369141 22.898014068603516 0
      vertex 26.941867828369141 22.898014068603516 46.187965393066406
    endloop
  endfacet
  facet normal -0.39706372228033293 0.91779104400124034 9.1746824848747807e-19
    outer loop
      vertex 28.799777984619141 23.701801300048828 0
      vertex 26.941867828369141 22.898014068603516 46.187965393066406
      vertex 28.799777984619141 23.701801300048828 46.187965393066406
    endloop
  endfacet
  facet normal -0.42594426111313383 0.90474940531883563 -0
    outer loop
      vertex 26.941867828369141 22.898014068603516 0
      vertex 25.108493804931641 22.034885406494141 0
      vertex 25.108493804931641 22.034885406494141 46.187965393066406
    endloop
  endfacet
  facet normal -0.42594426111313383 0.90474940531883563 0
    outer loop
      vertex 26.941867828369141 22.898014068603516 0
      vertex 25.108493804931641 22.034885406494141 46.187965393066406
      vertex 26.941867828369141 22.898014068603516 46.187965393066406
    endloop
  endfacet
  facet normal -0.45441830066943656 0.89078841933239206 -0
    outer loop
      vertex 25.108493804931641 22.034885406494141 0
      vertex 23.302524566650391 21.113605499267578 0
      vertex 23.302524566650391 21.113605499267578 46.187965393066406
    endloop
  endfacet
  facet normal -0.45441830066943656 0.89078841933239206 0
    outer loop
      vertex 25.108493804931641 22.034885406494141 0
      vertex 23.302524566650391 21.113605499267578 46.187965393066406
      vertex 25.108493804931641 22.034885406494141 46.187965393066406
    endloop
  endfacet
  facet normal -0.48245605138025383 0.87592017814785716 0
    outer loop
      vertex 23.302524566650391 21.113605499267578 0
      vertex 21.526706695556641 20.135486602783203 0
      vertex 21.526706695556641 20.135486602783203 46.187965393066406
    endloop
  endfacet
  facet normal -0.48245605138025383 0.87592017814785716 0
    outer loop
      vertex 23.302524566650391 21.113605499267578 0
      vertex 21.526706695556641 20.135486602783203 46.187965393066406
      vertex 23.302524566650391 21.113605499267578 46.187965393066406
    endloop
  endfacet
  facet normal -0.50998051176358938 0.86018595525697072 -0
    outer loop
      vertex 21.526706695556641 20.135486602783203 0
      vertex 19.783664703369141 19.102085113525391 0
      vertex 19.783664703369141 19.102085113525391 46.187965393066406
    endloop
  endfacet
  facet normal -0.50998051176358938 0.86018595525697072 0
    outer loop
      vertex 21.526706695556641 20.135486602783203 0
      vertex 19.783664703369141 19.102085113525391 46.187965393066406
      vertex 21.526706695556641 20.135486602783203 46.187965393066406
    endloop
  endfacet
  facet normal -0.5369866909693034 0.84359071457777313 -0
    outer loop
      vertex 19.783664703369141 19.102085113525391 0
      vertex 18.075962066650391 18.015048980712891 0
      vertex 18.075962066650391 18.015048980712891 46.187965393066406
    endloop
  endfacet
  facet normal -0.5369866909693034 0.84359071457777313 0
    outer loop
      vertex 19.783664703369141 19.102085113525391 0
      vertex 18.075962066650391 18.015048980712891 46.187965393066406
      vertex 19.783664703369141 19.102085113525391 46.187965393066406
    endloop
  endfacet
  facet normal -0.56341833923045403 0.82617175878796378 0
    outer loop
      vertex 18.075962066650391 18.015048980712891 0
      vertex 16.406040191650391 16.876224517822266 0
      vertex 16.406040191650391 16.876224517822266 46.187965393066406
    endloop
  endfacet
  facet normal -0.56341833923045403 0.82617175878796378 0
    outer loop
      vertex 18.075962066650391 18.015048980712891 0
      vertex 16.406040191650391 16.876224517822266 46.187965393066406
      vertex 18.075962066650391 18.015048980712891 46.187965393066406
    endloop
  endfacet
  facet normal -0.58923767501406843 0.80795975292338362 0
    outer loop
      vertex 16.406040191650391 16.876224517822266 0
      vertex 14.776217460632324 15.687609672546387 0
      vertex 14.776217460632324 15.687609672546387 46.187965393066406
    endloop
  endfacet
  facet normal -0.58923767501406843 0.80795975292338362 0
    outer loop
      vertex 16.406040191650391 16.876224517822266 0
      vertex 14.776217460632324 15.687609672546387 46.187965393066406
      vertex 16.406040191650391 16.876224517822266 46.187965393066406
    endloop
  endfacet
  facet normal -0.61439304510222648 0.78900011795310487 0
    outer loop
      vertex 14.776217460632324 15.687609672546387 0
      vertex 13.188570976257324 14.451312065124512 0
      vertex 13.188570976257324 14.451312065124512 46.187965393066406
    endloop
  endfacet
  facet normal -0.61439304510222648 0.78900011795310487 0
    outer loop
      vertex 14.776217460632324 15.687609672546387 0
      vertex 13.188570976257324 14.451312065124512 46.187965393066406
      vertex 14.776217460632324 15.687609672546387 46.187965393066406
    endloop
  endfacet
  facet normal -0.63892068639520105 0.76927261519976475 0
    outer loop
      vertex 13.188570976257324 14.451312065124512 0
      vertex 11.645297050476074 13.169543266296387 0
      vertex 11.645297050476074 13.169543266296387 46.187965393066406
    endloop
  endfacet
  facet normal -0.63892068639520105 0.76927261519976475 0
    outer loop
      vertex 13.188570976257324 14.451312065124512 0
      vertex 11.645297050476074 13.169543266296387 46.187965393066406
      vertex 13.188570976257324 14.451312065124512 46.187965393066406
    endloop
  endfacet
  facet normal -0.66269606736370201 0.74888845784982139 -0
    outer loop
      vertex 11.645297050476074 13.169543266296387 0
      vertex 10.148104667663574 11.844668388366699 0
      vertex 10.148104667663574 11.844668388366699 46.187965393066406
    endloop
  endfacet
  facet normal -0.66269606736370201 0.74888845784982139 0
    outer loop
      vertex 11.645297050476074 13.169543266296387 0
      vertex 10.148104667663574 11.844668388366699 46.187965393066406
      vertex 11.645297050476074 13.169543266296387 46.187965393066406
    endloop
  endfacet
  facet normal -0.68575181534066465 0.72783545376477998 -0
    outer loop
      vertex 10.148104667663574 11.844668388366699 0
      vertex 8.6987638473510742 10.479128837585449 0
      vertex 8.6987638473510742 10.479128837585449 46.187965393066406
    endloop
  endfacet
  facet normal -0.68575181534066465 0.72783545376477998 0
    outer loop
      vertex 10.148104667663574 11.844668388366699 0
      vertex 8.6987638473510742 10.479128837585449 46.187965393066406
      vertex 10.148104667663574 11.844668388366699 46.187965393066406
    endloop
  endfacet
  facet normal -0.70802989567231478 0.70618246001600127 0
    outer loop
      vertex 8.6987638473510742 10.479128837585449 0
      vertex 7.2987399101257324 9.0754423141479492 0
      vertex 7.2987399101257324 9.0754423141479492 46.187965393066406
    endloop
  endfacet
  facet normal -0.70802989567231478 0.70618246001600127 0
    outer loop
      vertex 8.6987638473510742 10.479128837585449 0
      vertex 7.2987399101257324 9.0754423141479492 46.187965393066406
      vertex 8.6987638473510742 10.479128837585449 46.187965393066406
    endloop
  endfacet
  facet normal -0.72956724153201202 0.68390908758647939 0
    outer loop
      vertex 7.2987399101257324 9.0754423141479492 0
      vertex 5.9495577812194824 7.6361880302429199 0
      vertex 5.9495577812194824 7.6361880302429199 46.187965393066406
    endloop
  endfacet
  facet normal -0.72956724153201202 0.68390908758647939 0
    outer loop
      vertex 7.2987399101257324 9.0754423141479492 0
      vertex 5.9495577812194824 7.6361880302429199 46.187965393066406
      vertex 7.2987399101257324 9.0754423141479492 46.187965393066406
    endloop
  endfacet
  facet normal -0.7502632019610429 0.66113926504418352 0
    outer loop
      vertex 5.9495577812194824 7.6361880302429199 0
      vertex 4.6522555351257324 6.1640048027038574 0
      vertex 4.6522555351257324 6.1640048027038574 46.187965393066406
    endloop
  endfacet
  facet normal -0.7502632019610429 0.66113926504418352 0
    outer loop
      vertex 5.9495577812194824 7.6361880302429199 0
      vertex 4.6522555351257324 6.1640048027038574 46.187965393066406
      vertex 5.9495577812194824 7.6361880302429199 46.187965393066406
    endloop
  endfacet
  facet normal -0.7701398428378593 0.63787508375361202 0
    outer loop
      vertex 4.6522555351257324 6.1640048027038574 0
      vertex 3.4078705310821533 4.6615939140319824 0
      vertex 3.4078705310821533 4.6615939140319824 46.187965393066406
    endloop
  endfacet
  facet normal -0.7701398428378593 0.63787508375361202 0
    outer loop
      vertex 4.6522555351257324 6.1640048027038574 0
      vertex 3.4078705310821533 4.6615939140319824 46.187965393066406
      vertex 4.6522555351257324 6.1640048027038574 46.187965393066406
    endloop
  endfacet
  facet normal -0.78920512745578852 0.61412968239411214 0
    outer loop
      vertex 3.4078705310821533 4.6615939140319824 0
      vertex 2.2173187732696533 3.1316409111022949 0
      vertex 2.2173187732696533 3.1316409111022949 46.187965393066406
    endloop
  endfacet
  facet normal -0.78920512745578852 0.61412968239411214 0
    outer loop
      vertex 3.4078705310821533 4.6615939140319824 0
      vertex 2.2173187732696533 3.1316409111022949 46.187965393066406
      vertex 3.4078705310821533 4.6615939140319824 46.187965393066406
    endloop
  endfacet
  facet normal -0.80740726703338317 0.58999449585710795 0
    outer loop
      vertex 2.2173187732696533 3.1316409111022949 0
      vertex 1.0812104940414429 1.5768771171569824 0
      vertex 1.0812104940414429 1.5768771171569824 46.187965393066406
    endloop
  endfacet
  facet normal -0.80740726703338317 0.58999449585710795 -1.7281054708794944e-18
    outer loop
      vertex 2.2173187732696533 3.1316409111022949 0
      vertex 1.0812104940414429 1.5768771171569824 46.187965393066406
      vertex 2.2173187732696533 3.1316409111022949 46.187965393066406
    endloop
  endfacet
  facet normal -0.82474032842698553 0.56551161850677134 0
    outer loop
      vertex 1.0812104940414429 1.5768771171569824 0
      vertex -2.7354893973097205e-05 3.3104024623753503e-06 0
      vertex -2.7354893973097205e-05 3.3104024623753503e-06 46.187965393066406
    endloop
  endfacet
  facet normal -0.82474032842698553 0.56551161850677134 0
    outer loop
      vertex 1.0812104940414429 1.5768771171569824 0
      vertex -2.7354893973097205e-05 3.3104024623753503e-06 46.187965393066406
      vertex 1.0812104940414429 1.5768771171569824 46.187965393066406
    endloop
  endfacet
  facet normal -1 0 0
    outer loop
      vertex -2.7354893973097205e-05 3.3104024623753503e-06 0
      vertex -2.7354893973097205e-05 -10.141171455383301 0
      vertex -2.7354893973097205e-05 -10.141171455383301 46.187965393066406
    endloop
  endfacet
  facet normal -1 -0 0
    outer loop
      vertex -2.7354893973097205e-05 3.3104024623753503e-06 0
      vertex -2.7354893973097205e-05 -10.141171455383301 46.187965393066406
      vertex -2.7354893973097205e-05 3.3104024623753503e-06 46.187965393066406
    endloop
  endfacet
  facet normal 0 0 -1
    outer loop
      vertex 78.810211181640625 23.224353790283203 0
      vertex 80.652435302734375 22.385242462158203 0
      vertex 78.237579345703125 17.996006011962891 0
    endloop
  endfacet
  facet normal -0 0 -1
    outer loop
      vertex 80.169952392578125 17.047153472900391 0
      vertex 80.652435302734375 22.385242462158203 0
      vertex 82.468963623046875 21.487277984619141 0
    endloop
  endfacet
  facet normal 0 0 -1
    outer loop
      vertex 78.810211181640625 23.224353790283203 0
      vertex 76.277130126953125 18.871356964111328 0
      vertex 76.945220947265625 24.003574371337891 0
    endloop
  endfacet
  facet normal -0 0 -1
    outer loop
      vertex 70.269195556640625 21.047168731689453 0
      vertex 71.242462158203125 25.974246978759766 0
      vertex 73.158355712890625 25.379093170166016 0
    endloop
  endfacet
  facet normal -0 0 -1
    outer loop
      vertex 74.292816162109375 19.672138214111328 0
      vertex 75.060272216796875 24.722034454345703 0
      vertex 76.945220947265625 24.003574371337891 0
    endloop
  endfacet
  facet normal 0 0 -1
    outer loop
      vertex 75.060272216796875 24.722034454345703 0
      vertex 72.288726806640625 20.397556304931641 0
      vertex 73.158355712890625 25.379093170166016 0
    endloop
  endfacet
  facet normal -0 0 -1
    outer loop
      vertex 70.269195556640625 21.047168731689453 0
      vertex 68.238372802734375 21.620807647705078 0
      vertex 71.242462158203125 25.974246978759766 0
    endloop
  endfacet
  facet normal 0 -0 -1
    outer loop
      vertex 73.158355712890625 25.379093170166016 0
      vertex 72.288726806640625 20.397556304931641 0
      vertex 70.269195556640625 21.047168731689453 0
    endloop
  endfacet
  facet normal 0 0 -1
    outer loop
      vertex 86.013885498046875 19.519840240478516 0
      vertex 87.736846923828125 18.453327178955078 0
      vertex 83.934112548828125 14.934893608093262 0
    endloop
  endfacet
  facet normal 0 0 -1
    outer loop
      vertex 89.423492431640625 17.333896636962891 0
      vertex 85.758087158203125 13.775149345397949 0
      vertex 87.736846923828125 18.453327178955078 0
    endloop
  endfacet
  facet normal 0 0 -1
    outer loop
      vertex 86.013885498046875 19.519840240478516 0
      vertex 82.070098876953125 16.026218414306641 0
      vertex 84.257049560546875 20.531665802001953 0
    endloop
  endfacet
  facet normal -0 0 -1
    outer loop
      vertex 74.292816162109375 19.672138214111328 0
      vertex 76.945220947265625 24.003574371337891 0
      vertex 76.277130126953125 18.871356964111328 0
    endloop
  endfacet
  facet normal 0 0 -1
    outer loop
      vertex 84.257049560546875 20.531665802001953 0
      vertex 80.169952392578125 17.047153472900391 0
      vertex 82.468963623046875 21.487277984619141 0
    endloop
  endfacet
  facet normal -0 0 -1
    outer loop
      vertex 76.277130126953125 18.871356964111328 0
      vertex 78.810211181640625 23.224353790283203 0
      vertex 78.237579345703125 17.996006011962891 0
    endloop
  endfacet
  facet normal -0 0 -1
    outer loop
      vertex 74.292816162109375 19.672138214111328 0
      vertex 72.288726806640625 20.397556304931641 0
      vertex 75.060272216796875 24.722034454345703 0
    endloop
  endfacet
  facet normal 0 -0 -1
    outer loop
      vertex 80.652435302734375 22.385242462158203 0
      vertex 80.169952392578125 17.047153472900391 0
      vertex 78.237579345703125 17.996006011962891 0
    endloop
  endfacet
  facet normal 0 0 -1
    outer loop
      vertex 67.380767822265625 26.977924346923828 0
      vertex 66.200347900390625 22.118595123291016 0
      vertex 65.440826416015625 27.386417388916016 0
    endloop
  endfacet
  facet normal 0 0 -1
    outer loop
      vertex 67.380767822265625 26.977924346923828 0
      vertex 69.315643310546875 26.507221221923828 0
      vertex 66.200347900390625 22.118595123291016 0
    endloop
  endfacet
  facet normal 0 0 -1
    outer loop
      vertex 63.498691558837891 27.733005523681641 0
      vertex 65.440826416015625 27.386417388916016 0
      vertex 64.159332275390625 22.540988922119141 0
    endloop
  endfacet
  facet normal -0 0 -1
    outer loop
      vertex 58.057346343994141 23.364170074462891 0
      vertex 57.687778472900391 28.406467437744141 0
      vertex 59.619419097900391 28.242328643798828 0
    endloop
  endfacet
  facet normal 0 0 -1
    outer loop
      vertex 59.619419097900391 28.242328643798828 0
      vertex 61.557285308837891 28.018100738525391 0
      vertex 60.084018707275391 23.162662506103516 0
    endloop
  endfacet
  facet normal 0 0 -1
    outer loop
      vertex 61.557285308837891 28.018100738525391 0
      vertex 63.498691558837891 27.733005523681641 0
      vertex 62.119297027587891 22.888690948486328 0
    endloop
  endfacet
  facet normal 0 0 -1
    outer loop
      vertex 57.687778472900391 28.406467437744141 0
      vertex 56.042758941650391 23.494632720947266 0
      vertex 55.764987945556641 28.511417388916016 0
    endloop
  endfacet
  facet normal 0 0 -1
    outer loop
      vertex 63.498691558837891 27.733005523681641 0
      vertex 64.159332275390625 22.540988922119141 0
      vertex 62.119297027587891 22.888690948486328 0
    endloop
  endfacet
  facet normal 0 -0 -1
    outer loop
      vertex 69.315643310546875 26.507221221923828 0
      vertex 68.238372802734375 21.620807647705078 0
      vertex 66.200347900390625 22.118595123291016 0
    endloop
  endfacet
  facet normal 0 0 -1
    outer loop
      vertex 65.440826416015625 27.386417388916016 0
      vertex 66.200347900390625 22.118595123291016 0
      vertex 64.159332275390625 22.540988922119141 0
    endloop
  endfacet
  facet normal 0 0 -1
    outer loop
      vertex 55.764987945556641 28.511417388916016 0
      vertex 56.042758941650391 23.494632720947266 0
      vertex 54.043796539306641 23.555744171142578 0
    endloop
  endfacet
  facet normal -0 -0 -1
    outer loop
      vertex 59.619419097900391 28.242328643798828 0
      vertex 60.084018707275391 23.162662506103516 0
      vertex 58.057346343994141 23.364170074462891 0
    endloop
  endfacet
  facet normal 0 0 -1
    outer loop
      vertex 57.687778472900391 28.406467437744141 0
      vertex 58.057346343994141 23.364170074462891 0
      vertex 56.042758941650391 23.494632720947266 0
    endloop
  endfacet
  facet normal -0 -0 -1
    outer loop
      vertex 60.084018707275391 23.162662506103516 0
      vertex 61.557285308837891 28.018100738525391 0
      vertex 62.119297027587891 22.888690948486328 0
    endloop
  endfacet
  facet normal -0 0 -1
    outer loop
      vertex 54.043796539306641 23.555744171142578 0
      vertex 53.853610992431641 28.558261871337891 0
      vertex 55.764987945556641 28.511417388916016 0
    endloop
  endfacet
  facet normal 0 0 -1
    outer loop
      vertex 71.242462158203125 25.974246978759766 0
      vertex 68.238372802734375 21.620807647705078 0
      vertex 69.315643310546875 26.507221221923828 0
    endloop
  endfacet
  facet normal -0 0 -1
    outer loop
      vertex 103.83395385742188 3.7028384208679199 0
      vertex 104.99508666992188 2.1504244804382324 0
      vertex 99.825164794921875 0.71329069137573242 0
    endloop
  endfacet
  facet normal 0 -0 -1
    outer loop
      vertex 106.10128784179688 0.57425260543823242 0
      vertex 101.07968139648438 -0.96821260452270508 0
      vertex 104.99508666992188 2.1504244804382324 0
    endloop
  endfacet
  facet normal -0 0 -1
    outer loop
      vertex 99.825164794921875 0.71329069137573242 0
      vertex 102.61849975585938 5.2287325859069824 0
      vertex 103.83395385742188 3.7028384208679199 0
    endloop
  endfacet
  facet normal -0 0 -1
    outer loop
      vertex 100.02804565429688 8.1901578903198242 0
      vertex 101.34957885742188 6.7254061698913574 0
      vertex 97.116668701171875 3.9638094902038574 0
    endloop
  endfacet
  facet normal -0 0 -1
    outer loop
      vertex 99.825164794921875 0.71329069137573242 0
      vertex 98.503753662109375 2.3586001396179199 0
      vertex 102.61849975585938 5.2287325859069824 0
    endloop
  endfacet
  facet normal 0 0 -1
    outer loop
      vertex 102.61849975585938 5.2287325859069824 0
      vertex 98.503753662109375 2.3586001396179199 0
      vertex 101.34957885742188 6.7254061698913574 0
    endloop
  endfacet
  facet normal -0 0 -1
    outer loop
      vertex 95.665924072265625 5.5251498222351074 0
      vertex 98.655120849609375 9.6203184127807617 0
      vertex 100.02804565429688 8.1901578903198242 0
    endloop
  endfacet
  facet normal 0 0 -1
    outer loop
      vertex 99.825164794921875 0.71329069137573242 0
      vertex 104.99508666992188 2.1504244804382324 0
      vertex 101.07968139648438 -0.96821260452270508 0
    endloop
  endfacet
  facet normal -0 0 -1
    outer loop
      vertex 106.31491088867188 -9.7808046340942383 0
      vertex 105.40780639648438 -7.9773678779602051 0
      vertex 107.15219116210938 -1.0229763984680176 0
    endloop
  endfacet
  facet normal -0 0 -1
    outer loop
      vertex 104.43051147460938 -6.1904873847961426 0
      vertex 107.15219116210938 -1.0229763984680176 0
      vertex 105.40780639648438 -7.9773678779602051 0
    endloop
  endfacet
  facet normal 0 -0 -1
    outer loop
      vertex 107.15219116210938 -1.0229763984680176 0
      vertex 107.15219116210938 -11.596997261047363 0
      vertex 106.31491088867188 -9.7808046340942383 0
    endloop
  endfacet
  facet normal -0 0 -1
    outer loop
      vertex 106.10128784179688 0.57425260543823242 0
      vertex 107.15219116210938 -1.0229763984680176 0
      vertex 102.26596069335938 -2.6819729804992676 0
    endloop
  endfacet
  facet normal 0 -0 -1
    outer loop
      vertex 107.15219116210938 -1.0229763984680176 0
      vertex 104.43051147460938 -6.1904873847961426 0
      vertex 103.38302612304688 -4.4240536689758301 0
    endloop
  endfacet
  facet normal 0 -0 -1
    outer loop
      vertex 107.15219116210938 -1.0229763984680176 0
      vertex 103.38302612304688 -4.4240536689758301 0
      vertex 102.26596069335938 -2.6819729804992676 0
    endloop
  endfacet
  facet normal 0 -0 -1
    outer loop
      vertex 102.26596069335938 -2.6819729804992676 0
      vertex 101.07968139648438 -0.96821260452270508 0
      vertex 106.10128784179688 0.57425260543823242 0
    endloop
  endfacet
  facet normal 0 0 -1
    outer loop
      vertex 91.071380615234375 16.163410186767578 0
      vertex 92.678253173828125 14.943881034851074 0
      vertex 89.271148681640625 11.259829521179199 0
    endloop
  endfacet
  facet normal -0 0 -1
    outer loop
      vertex 91.071380615234375 16.163410186767578 0
      vertex 89.271148681640625 11.259829521179199 0
      vertex 87.538299560546875 12.549288749694824 0
    endloop
  endfacet
  facet normal 0 0 -1
    outer loop
      vertex 94.241912841796875 13.677493095397949 0
      vertex 90.953338623046875 9.9095640182495117 0
      vertex 92.678253173828125 14.943881034851074 0
    endloop
  endfacet
  facet normal 0 0 -1
    outer loop
      vertex 91.071380615234375 16.163410186767578 0
      vertex 87.538299560546875 12.549288749694824 0
      vertex 89.423492431640625 17.333896636962891 0
    endloop
  endfacet
  facet normal -0 0 -1
    outer loop
      vertex 82.070098876953125 16.026218414306641 0
      vertex 86.013885498046875 19.519840240478516 0
      vertex 83.934112548828125 14.934893608093262 0
    endloop
  endfacet
  facet normal -0 0 -1
    outer loop
      vertex 85.758087158203125 13.775149345397949 0
      vertex 89.423492431640625 17.333896636962891 0
      vertex 87.538299560546875 12.549288749694824 0
    endloop
  endfacet
  facet normal -0 0 -1
    outer loop
      vertex 83.934112548828125 14.934893608093262 0
      vertex 87.736846923828125 18.453327178955078 0
      vertex 85.758087158203125 13.775149345397949 0
    endloop
  endfacet
  facet normal -0 0 -1
    outer loop
      vertex 82.070098876953125 16.026218414306641 0
      vertex 80.169952392578125 17.047153472900391 0
      vertex 84.257049560546875 20.531665802001953 0
    endloop
  endfacet
  facet normal 0 -0 -1
    outer loop
      vertex 97.116668701171875 3.9638094902038574 0
      vertex 95.665924072265625 5.5251498222351074 0
      vertex 100.02804565429688 8.1901578903198242 0
    endloop
  endfacet
  facet normal -0 0 -1
    outer loop
      vertex 97.116668701171875 3.9638094902038574 0
      vertex 101.34957885742188 6.7254061698913574 0
      vertex 98.503753662109375 2.3586001396179199 0
    endloop
  endfacet
  facet normal 0 -0 -1
    outer loop
      vertex 92.581756591796875 8.5015134811401367 0
      vertex 95.760528564453125 12.366503715515137 0
      vertex 97.232147216796875 11.013293266296387 0
    endloop
  endfacet
  facet normal 0 -0 -1
    outer loop
      vertex 98.655120849609375 9.6203184127807617 0
      vertex 94.153472900390625 7.0389132499694824 0
      vertex 97.232147216796875 11.013293266296387 0
    endloop
  endfacet
  facet normal -0 0 -1
    outer loop
      vertex 94.241912841796875 13.677493095397949 0
      vertex 95.760528564453125 12.366503715515137 0
      vertex 90.953338623046875 9.9095640182495117 0
    endloop
  endfacet
  facet normal 0 0 -1
    outer loop
      vertex 94.153472900390625 7.0389132499694824 0
      vertex 98.655120849609375 9.6203184127807617 0
      vertex 95.665924072265625 5.5251498222351074 0
    endloop
  endfacet
  facet normal 0 0 -1
    outer loop
      vertex 97.232147216796875 11.013293266296387 0
      vertex 94.153472900390625 7.0389132499694824 0
      vertex 92.581756591796875 8.5015134811401367 0
    endloop
  endfacet
  facet normal 0 -0 -1
    outer loop
      vertex 95.760528564453125 12.366503715515137 0
      vertex 92.581756591796875 8.5015134811401367 0
      vertex 90.953338623046875 9.9095640182495117 0
    endloop
  endfacet
  facet normal -0 0 -1
    outer loop
      vertex 90.953338623046875 9.9095640182495117 0
      vertex 89.271148681640625 11.259829521179199 0
      vertex 92.678253173828125 14.943881034851074 0
    endloop
  endfacet
  facet normal 0 -0 -1
    outer loop
      vertex 53.853610992431641 28.558261871337891 0
      vertex 52.043918609619141 23.548954010009766 0
      vertex 51.941745758056641 28.547916412353516 0
    endloop
  endfacet
  facet normal 0 0 -1
    outer loop
      vertex 51.941745758056641 28.547916412353516 0
      vertex 52.043918609619141 23.548954010009766 0
      vertex 50.017307281494141 28.479694366455078 0
    endloop
  endfacet
  facet normal 0 0 -1
    outer loop
      vertex 50.017307281494141 28.479694366455078 0
      vertex 50.026584625244141 23.473270416259766 0
      vertex 48.082859039306641 28.352466583251953 0
    endloop
  endfacet
  facet normal -0 0 -1
    outer loop
      vertex 44.194553375244141 27.917301177978516 0
      vertex 46.141025543212891 28.165287017822266 0
      vertex 45.953220367431641 23.108325958251953 0
    endloop
  endfacet
  facet normal -0 0 -1
    outer loop
      vertex 43.904453277587891 22.816181182861328 0
      vertex 42.246189117431641 27.607868194580078 0
      vertex 44.194553375244141 27.917301177978516 0
    endloop
  endfacet
  facet normal -0 0 -1
    outer loop
      vertex 47.995212554931641 23.326908111572266 0
      vertex 46.141025543212891 28.165287017822266 0
      vertex 48.082859039306641 28.352466583251953 0
    endloop
  endfacet
  facet normal -0 0 -1
    outer loop
      vertex 40.298801422119141 27.236469268798828 0
      vertex 42.246189117431641 27.607868194580078 0
      vertex 41.852695465087891 22.449390411376953 0
    endloop
  endfacet
  facet normal -0 0 -1
    outer loop
      vertex 50.026584625244141 23.473270416259766 0
      vertex 50.017307281494141 28.479694366455078 0
      vertex 52.043918609619141 23.548954010009766 0
    endloop
  endfacet
  facet normal -0 0 -1
    outer loop
      vertex 45.953220367431641 23.108325958251953 0
      vertex 46.141025543212891 28.165287017822266 0
      vertex 47.995212554931641 23.326908111572266 0
    endloop
  endfacet
  facet normal 0 0 -1
    outer loop
      vertex 50.026584625244141 23.473270416259766 0
      vertex 47.995212554931641 23.326908111572266 0
      vertex 48.082859039306641 28.352466583251953 0
    endloop
  endfacet
  facet normal 0 0 -1
    outer loop
      vertex 43.904453277587891 22.816181182861328 0
      vertex 41.852695465087891 22.449390411376953 0
      vertex 42.246189117431641 27.607868194580078 0
    endloop
  endfacet
  facet normal 0 0 -1
    outer loop
      vertex 44.194553375244141 27.917301177978516 0
      vertex 45.953220367431641 23.108325958251953 0
      vertex 43.904453277587891 22.816181182861328 0
    endloop
  endfacet
  facet normal -0 0 -1
    outer loop
      vertex 39.801975250244141 22.007160186767578 0
      vertex 40.298801422119141 27.236469268798828 0
      vertex 41.852695465087891 22.449390411376953 0
    endloop
  endfacet
  facet normal 0 0 -1
    outer loop
      vertex 39.801975250244141 22.007160186767578 0
      vertex 37.756320953369141 21.488910675048828 0
      vertex 38.355319976806641 26.802799224853516 0
    endloop
  endfacet
  facet normal -0 0 -1
    outer loop
      vertex 38.355319976806641 26.802799224853516 0
      vertex 40.298801422119141 27.236469268798828 0
      vertex 39.801975250244141 22.007160186767578 0
    endloop
  endfacet
  facet normal 0 0 -1
    outer loop
      vertex 54.043796539306641 23.555744171142578 0
      vertex 52.043918609619141 23.548954010009766 0
      vertex 53.853610992431641 28.558261871337891 0
    endloop
  endfacet
  facet normal -0 -0 -1
    outer loop
      vertex 37.756320953369141 21.488910675048828 0
      vertex 34.491733551025391 25.748233795166016 0
      vertex 36.418613433837891 26.306705474853516 0
    endloop
  endfacet
  facet normal 0 0 -1
    outer loop
      vertex 34.491733551025391 25.748233795166016 0
      vertex 35.719821929931641 20.894412994384766 0
      vertex 32.577671051025391 25.127613067626953 0
    endloop
  endfacet
  facet normal 0 0 -1
    outer loop
      vertex 37.756320953369141 21.488910675048828 0
      vertex 35.719821929931641 20.894412994384766 0
      vertex 34.491733551025391 25.748233795166016 0
    endloop
  endfacet
  facet normal 0 -0 -1
    outer loop
      vertex 38.355319976806641 26.802799224853516 0
      vertex 37.756320953369141 21.488910675048828 0
      vertex 36.418613433837891 26.306705474853516 0
    endloop
  endfacet
  facet normal -0 -0 -1
    outer loop
      vertex 28.799777984619141 23.701801300048828 0
      vertex 30.679355621337891 24.445270538330078 0
      vertex 31.691440582275391 19.477130889892578 0
    endloop
  endfacet
  facet normal -0 -0 -1
    outer loop
      vertex 29.707920074462891 18.655353546142578 0
      vertex 26.941867828369141 22.898014068603516 0
      vertex 28.799777984619141 23.701801300048828 0
    endloop
  endfacet
  facet normal 0 0 -1
    outer loop
      vertex 32.577671051025391 25.127613067626953 0
      vertex 33.696811676025391 20.223697662353516 0
      vertex 30.679355621337891 24.445270538330078 0
    endloop
  endfacet
  facet normal 0 0 -1
    outer loop
      vertex 26.941867828369141 22.898014068603516 0
      vertex 29.707920074462891 18.655353546142578 0
      vertex 27.750522613525391 17.759357452392578 0
    endloop
  endfacet
  facet normal -0 0 -1
    outer loop
      vertex 33.696811676025391 20.223697662353516 0
      vertex 32.577671051025391 25.127613067626953 0
      vertex 35.719821929931641 20.894412994384766 0
    endloop
  endfacet
  facet normal -0 0 -1
    outer loop
      vertex 29.707920074462891 18.655353546142578 0
      vertex 28.799777984619141 23.701801300048828 0
      vertex 31.691440582275391 19.477130889892578 0
    endloop
  endfacet
  facet normal 0 0 -1
    outer loop
      vertex 33.696811676025391 20.223697662353516 0
      vertex 31.691440582275391 19.477130889892578 0
      vertex 30.679355621337891 24.445270538330078 0
    endloop
  endfacet
  facet normal -0 -0 -1
    outer loop
      vertex 23.930332183837891 15.750140190124512 0
      vertex 21.526706695556641 20.135486602783203 0
      vertex 23.302524566650391 21.113605499267578 0
    endloop
  endfacet
  facet normal -0 -0 -1
    outer loop
      vertex 23.930332183837891 15.750140190124512 0
      vertex 19.783664703369141 19.102085113525391 0
      vertex 21.526706695556641 20.135486602783203 0
    endloop
  endfacet
  facet normal -0 -0 -1
    outer loop
      vertex 25.823276519775391 16.790424346923828 0
      vertex 23.302524566650391 21.113605499267578 0
      vertex 25.108493804931641 22.034885406494141 0
    endloop
  endfacet
  facet normal 0 0 -1
    outer loop
      vertex 26.941867828369141 22.898014068603516 0
      vertex 27.750522613525391 17.759357452392578 0
      vertex 25.108493804931641 22.034885406494141 0
    endloop
  endfacet
  facet normal -0 -0 -1
    outer loop
      vertex 18.075962066650391 18.015048980712891 0
      vertex 19.783664703369141 19.102085113525391 0
      vertex 22.075534820556641 14.640383720397949 0
    endloop
  endfacet
  facet normal -0 0 -1
    outer loop
      vertex 25.823276519775391 16.790424346923828 0
      vertex 25.108493804931641 22.034885406494141 0
      vertex 27.750522613525391 17.759357452392578 0
    endloop
  endfacet
  facet normal -0 0 -1
    outer loop
      vertex 22.075534820556641 14.640383720397949 0
      vertex 19.783664703369141 19.102085113525391 0
      vertex 23.930332183837891 15.750140190124512 0
    endloop
  endfacet
  facet normal 0 0 -1
    outer loop
      vertex 25.823276519775391 16.790424346923828 0
      vertex 23.930332183837891 15.750140190124512 0
      vertex 23.302524566650391 21.113605499267578 0
    endloop
  endfacet
  facet normal -0 0 -1
    outer loop
      vertex 18.495456695556641 12.221423149108887 0
      vertex 16.406040191650391 16.876224517822266 0
      vertex 20.262729644775391 13.463335990905762 0
    endloop
  endfacet
  facet normal -0 -0 -1
    outer loop
      vertex 13.188570976257324 14.451312065124512 0
      vertex 14.776217460632324 15.687609672546387 0
      vertex 16.777194976806641 10.917361259460449 0
    endloop
  endfacet
  facet normal 0 0 -1
    outer loop
      vertex 18.495456695556641 12.221423149108887 0
      vertex 14.776217460632324 15.687609672546387 0
      vertex 16.406040191650391 16.876224517822266 0
    endloop
  endfacet
  facet normal 0 0 -1
    outer loop
      vertex 18.075962066650391 18.015048980712891 0
      vertex 22.075534820556641 14.640383720397949 0
      vertex 20.262729644775391 13.463335990905762 0
    endloop
  endfacet
  facet normal -0 -0 -1
    outer loop
      vertex 20.262729644775391 13.463335990905762 0
      vertex 16.406040191650391 16.876224517822266 0
      vertex 18.075962066650391 18.015048980712891 0
    endloop
  endfacet
  facet normal -0 0 -1
    outer loop
      vertex 16.777194976806641 10.917361259460449 0
      vertex 14.776217460632324 15.687609672546387 0
      vertex 18.495456695556641 12.221423149108887 0
    endloop
  endfacet
  facet normal 0 0 -1
    outer loop
      vertex 11.645297050476074 13.169543266296387 0
      vertex 15.111117362976074 9.5540800094604492 0
      vertex 13.500216484069824 8.1347074508666992 0
    endloop
  endfacet
  facet normal 0 0 -1
    outer loop
      vertex 16.777194976806641 10.917361259460449 0
      vertex 15.111117362976074 9.5540800094604492 0
      vertex 13.188570976257324 14.451312065124512 0
    endloop
  endfacet
  facet normal 0 -0 -1
    outer loop
      vertex 11.947237968444824 6.6626009941101074 0
      vertex 8.6987638473510742 10.479128837585449 0
      vertex 13.500216484069824 8.1347074508666992 0
    endloop
  endfacet
  facet normal 0 -0 -1
    outer loop
      vertex 11.947237968444824 6.6626009941101074 0
      vertex 10.454623222351074 5.1412539482116699 0
      vertex 7.2987399101257324 9.0754423141479492 0
    endloop
  endfacet
  facet normal 0 0 -1
    outer loop
      vertex 10.148104667663574 11.844668388366699 0
      vertex 13.500216484069824 8.1347074508666992 0
      vertex 8.6987638473510742 10.479128837585449 0
    endloop
  endfacet
  facet normal -0 -0 -1
    outer loop
      vertex 11.645297050476074 13.169543266296387 0
      vertex 13.500216484069824 8.1347074508666992 0
      vertex 10.148104667663574 11.844668388366699 0
    endloop
  endfacet
  facet normal 0 0 -1
    outer loop
      vertex 13.188570976257324 14.451312065124512 0
      vertex 15.111117362976074 9.5540800094604492 0
      vertex 11.645297050476074 13.169543266296387 0
    endloop
  endfacet
  facet normal 0 0 -1
    outer loop
      vertex 7.2987399101257324 9.0754423141479492 0
      vertex 10.454623222351074 5.1412539482116699 0
      vertex 5.9495577812194824 7.6361880302429199 0
    endloop
  endfacet
  facet normal 0 -0 -1
    outer loop
      vertex 9.0244474411010742 3.5743136405944824 0
      vertex 7.6587862968444824 1.9655184745788574 0
      vertex 4.6522555351257324 6.1640048027038574 0
    endloop
  endfacet
  facet normal 0 -0 -1
    outer loop
      vertex 9.0244474411010742 3.5743136405944824 0
      vertex 5.9495577812194824 7.6361880302429199 0
      vertex 10.454623222351074 5.1412539482116699 0
    endloop
  endfacet
  facet normal 0 0 -1
    outer loop
      vertex 8.6987638473510742 10.479128837585449 0
      vertex 11.947237968444824 6.6626009941101074 0
      vertex 7.2987399101257324 9.0754423141479492 0
    endloop
  endfacet
  facet normal 0 0 -1
    outer loop
      vertex 4.6522555351257324 6.1640048027038574 0
      vertex 7.6587862968444824 1.9655184745788574 0
      vertex 3.4078705310821533 4.6615939140319824 0
    endloop
  endfacet
  facet normal 0 0 -1
    outer loop
      vertex 7.6587862968444824 1.9655184745788574 0
      vertex 6.3590426445007324 0.31872889399528503 0
      vertex 3.4078705310821533 4.6615939140319824 0
    endloop
  endfacet
  facet normal -0 -0 -1
    outer loop
      vertex 5.9495577812194824 7.6361880302429199 0
      vertex 9.0244474411010742 3.5743136405944824 0
      vertex 4.6522555351257324 6.1640048027038574 0
    endloop
  endfacet
  facet normal -0 -0 -1
    outer loop
      vertex 2.2173187732696533 3.1316409111022949 0
      vertex 3.4078705310821533 4.6615939140319824 0
      vertex 6.3590426445007324 0.31872889399528503 0
    endloop
  endfacet
  facet normal 0 0 -1
    outer loop
      vertex 5.1266818046569824 -1.3621792793273926 0
      vertex 2.2173187732696533 3.1316409111022949 0
      vertex 6.3590426445007324 0.31872889399528503 0
    endloop
  endfacet
  facet normal 0 0 -1
    outer loop
      vertex -2.7354893973097205e-05 3.3104024623753503e-06 0
      vertex 3.9626190662384033 -3.0732693672180176 0
      vertex 2.8676483631134033 -4.8106045722961426 0
    endloop
  endfacet
  facet normal 0 -0 -1
    outer loop
      vertex 3.9626190662384033 -3.0732693672180176 0
      vertex -2.7354893973097205e-05 3.3104024623753503e-06 0
      vertex 5.1266818046569824 -1.3621792793273926 0
    endloop
  endfacet
  facet normal 0 0 -1
    outer loop
      vertex 2.8676483631134033 -4.8106045722961426 0
      vertex 1.8421357870101929 -6.5702633857727051 0
      vertex -2.7354893973097205e-05 3.3104024623753503e-06 0
    endloop
  endfacet
  facet normal 0 0 -1
    outer loop
      vertex -2.7354893973097205e-05 3.3104024623753503e-06 0
      vertex 1.8421357870101929 -6.5702633857727051 0
      vertex 0.8862641453742981 -8.3483858108520508 0
    endloop
  endfacet
  facet normal 0 0 -1
    outer loop
      vertex -2.7354893973097205e-05 3.3104024623753503e-06 0
      vertex 0.8862641453742981 -8.3483858108520508 0
      vertex -2.7354893973097205e-05 -10.141171455383301 0
    endloop
  endfacet
  facet normal 0 0 -1
    outer loop
      vertex 1.0812104940414429 1.5768771171569824 0
      vertex 5.1266818046569824 -1.3621792793273926 0
      vertex -2.7354893973097205e-05 3.3104024623753503e-06 0
    endloop
  endfacet
  facet normal -0 -0 -1
    outer loop
      vertex 5.1266818046569824 -1.3621792793273926 0
      vertex 1.0812104940414429 1.5768771171569824 0
      vertex 2.2173187732696533 3.1316409111022949 0
    endloop
  endfacet
  facet normal 0 0 1
    outer loop
      vertex 78.810211181640625 23.224353790283203 46.187965393066406
      vertex 78.237579345703125 17.996006011962891 46.187965393066406
      vertex 80.652435302734375 22.385242462158203 46.187965393066406
    endloop
  endfacet
  facet normal -0 0 1
    outer loop
      vertex 80.169952392578125 17.047153472900391 46.187965393066406
      vertex 82.468963623046875 21.487277984619141 46.187965393066406
      vertex 80.652435302734375 22.385242462158203 46.187965393066406
    endloop
  endfacet
  facet normal -0 0 1
    outer loop
      vertex 78.810211181640625 23.224353790283203 46.187965393066406
      vertex 76.945220947265625 24.003574371337891 46.187965393066406
      vertex 76.277130126953125 18.871356964111328 46.187965393066406
    endloop
  endfacet
  facet normal -0 0 1
    outer loop
      vertex 70.269195556640625 21.047168731689453 46.187965393066406
      vertex 73.158355712890625 25.379093170166016 46.187965393066406
      vertex 71.242462158203125 25.974246978759766 46.187965393066406
    endloop
  endfacet
  facet normal -0 0 1
    outer loop
      vertex 74.292816162109375 19.672138214111328 46.187965393066406
      vertex 76.945220947265625 24.003574371337891 46.187965393066406
      vertex 75.060272216796875 24.722034454345703 46.187965393066406
    endloop
  endfacet
  facet normal 0 0 1
    outer loop
      vertex 75.060272216796875 24.722034454345703 46.187965393066406
      vertex 73.158355712890625 25.379093170166016 46.187965393066406
      vertex 72.288726806640625 20.397556304931641 46.187965393066406
    endloop
  endfacet
  facet normal -0 0 1
    outer loop
      vertex 70.269195556640625 21.047168731689453 46.187965393066406
      vertex 71.242462158203125 25.974246978759766 46.187965393066406
      vertex 68.238372802734375 21.620807647705078 46.187965393066406
    endloop
  endfacet
  facet normal 0 -0 1
    outer loop
      vertex 73.158355712890625 25.379093170166016 46.187965393066406
      vertex 70.269195556640625 21.047168731689453 46.187965393066406
      vertex 72.288726806640625 20.397556304931641 46.187965393066406
    endloop
  endfacet
  facet normal 0 0 1
    outer loop
      vertex 86.013885498046875 19.519840240478516 46.187965393066406
      vertex 83.934112548828125 14.934893608093262 46.187965393066406
      vertex 87.736846923828125 18.453327178955078 46.187965393066406
    endloop
  endfacet
  facet normal -0 0 1
    outer loop
      vertex 89.423492431640625 17.333896636962891 46.187965393066406
      vertex 87.736846923828125 18.453327178955078 46.187965393066406
      vertex 85.758087158203125 13.775149345397949 46.187965393066406
    endloop
  endfacet
  facet normal -0 0 1
    outer loop
      vertex 86.013885498046875 19.519840240478516 46.187965393066406
      vertex 84.257049560546875 20.531665802001953 46.187965393066406
      vertex 82.070098876953125 16.026218414306641 46.187965393066406
    endloop
  endfacet
  facet normal 0 -0 1
    outer loop
      vertex 74.292816162109375 19.672138214111328 46.187965393066406
      vertex 76.277130126953125 18.871356964111328 46.187965393066406
      vertex 76.945220947265625 24.003574371337891 46.187965393066406
    endloop
  endfacet
  facet normal -0 0 1
    outer loop
      vertex 84.257049560546875 20.531665802001953 46.187965393066406
      vertex 82.468963623046875 21.487277984619141 46.187965393066406
      vertex 80.169952392578125 17.047153472900391 46.187965393066406
    endloop
  endfacet
  facet normal 0 -0 1
    outer loop
      vertex 76.277130126953125 18.871356964111328 46.187965393066406
      vertex 78.237579345703125 17.996006011962891 46.187965393066406
      vertex 78.810211181640625 23.224353790283203 46.187965393066406
    endloop
  endfacet
  facet normal -0 0 1
    outer loop
      vertex 74.292816162109375 19.672138214111328 46.187965393066406
      vertex 75.060272216796875 24.722034454345703 46.187965393066406
      vertex 72.288726806640625 20.397556304931641 46.187965393066406
    endloop
  endfacet
  facet normal 0 -0 1
    outer loop
      vertex 80.652435302734375 22.385242462158203 46.187965393066406
      vertex 78.237579345703125 17.996006011962891 46.187965393066406
      vertex 80.169952392578125 17.047153472900391 46.187965393066406
    endloop
  endfacet
  facet normal -0 0 1
    outer loop
      vertex 67.380767822265625 26.977924346923828 46.187965393066406
      vertex 65.440826416015625 27.386417388916016 46.187965393066406
      vertex 66.200347900390625 22.118595123291016 46.187965393066406
    endloop
  endfacet
  facet normal 0 0 1
    outer loop
      vertex 67.380767822265625 26.977924346923828 46.187965393066406
      vertex 66.200347900390625 22.118595123291016 46.187965393066406
      vertex 69.315643310546875 26.507221221923828 46.187965393066406
    endloop
  endfacet
  facet normal 0 0 1
    outer loop
      vertex 63.498691558837891 27.733005523681641 46.187965393066406
      vertex 64.159332275390625 22.540988922119141 46.187965393066406
      vertex 65.440826416015625 27.386417388916016 46.187965393066406
    endloop
  endfacet
  facet normal -0 0 1
    outer loop
      vertex 58.057346343994141 23.364170074462891 46.187965393066406
      vertex 59.619419097900391 28.242328643798828 46.187965393066406
      vertex 57.687778472900391 28.406467437744141 46.187965393066406
    endloop
  endfacet
  facet normal 0 0 1
    outer loop
      vertex 59.619419097900391 28.242328643798828 46.187965393066406
      vertex 60.084018707275391 23.162662506103516 46.187965393066406
      vertex 61.557285308837891 28.018100738525391 46.187965393066406
    endloop
  endfacet
  facet normal 0 0 1
    outer loop
      vertex 61.557285308837891 28.018100738525391 46.187965393066406
      vertex 62.119297027587891 22.888690948486328 46.187965393066406
      vertex 63.498691558837891 27.733005523681641 46.187965393066406
    endloop
  endfacet
  facet normal -0 0 1
    outer loop
      vertex 57.687778472900391 28.406467437744141 46.187965393066406
      vertex 55.764987945556641 28.511417388916016 46.187965393066406
      vertex 56.042758941650391 23.494632720947266 46.187965393066406
    endloop
  endfacet
  facet normal 0 0 1
    outer loop
      vertex 63.498691558837891 27.733005523681641 46.187965393066406
      vertex 62.119297027587891 22.888690948486328 46.187965393066406
      vertex 64.159332275390625 22.540988922119141 46.187965393066406
    endloop
  endfacet
  facet normal 0 -0 1
    outer loop
      vertex 69.315643310546875 26.507221221923828 46.187965393066406
      vertex 66.200347900390625 22.118595123291016 46.187965393066406
      vertex 68.238372802734375 21.620807647705078 46.187965393066406
    endloop
  endfacet
  facet normal 0 0 1
    outer loop
      vertex 65.440826416015625 27.386417388916016 46.187965393066406
      vertex 64.159332275390625 22.540988922119141 46.187965393066406
      vertex 66.200347900390625 22.118595123291016 46.187965393066406
    endloop
  endfacet
  facet normal 0 0 1
    outer loop
      vertex 55.764987945556641 28.511417388916016 46.187965393066406
      vertex 54.043796539306641 23.555744171142578 46.187965393066406
      vertex 56.042758941650391 23.494632720947266 46.187965393066406
    endloop
  endfacet
  facet normal -0 -0 1
    outer loop
      vertex 59.619419097900391 28.242328643798828 46.187965393066406
      vertex 58.057346343994141 23.364170074462891 46.187965393066406
      vertex 60.084018707275391 23.162662506103516 46.187965393066406
    endloop
  endfacet
  facet normal 0 0 1
    outer loop
      vertex 57.687778472900391 28.406467437744141 46.187965393066406
      vertex 56.042758941650391 23.494632720947266 46.187965393066406
      vertex 58.057346343994141 23.364170074462891 46.187965393066406
    endloop
  endfacet
  facet normal 0 0 1
    outer loop
      vertex 60.084018707275391 23.162662506103516 46.187965393066406
      vertex 62.119297027587891 22.888690948486328 46.187965393066406
      vertex 61.557285308837891 28.018100738525391 46.187965393066406
    endloop
  endfacet
  facet normal -0 0 1
    outer loop
      vertex 54.043796539306641 23.555744171142578 46.187965393066406
      vertex 55.764987945556641 28.511417388916016 46.187965393066406
      vertex 53.853610992431641 28.558261871337891 46.187965393066406
    endloop
  endfacet
  facet normal -0 0 1
    outer loop
      vertex 71.242462158203125 25.974246978759766 46.187965393066406
      vertex 69.315643310546875 26.507221221923828 46.187965393066406
      vertex 68.238372802734375 21.620807647705078 46.187965393066406
    endloop
  endfacet
  facet normal 0 -0 1
    outer loop
      vertex 103.83395385742188 3.7028384208679199 46.187965393066406
      vertex 99.825164794921875 0.71329069137573242 46.187965393066406
      vertex 104.99508666992188 2.1504244804382324 46.187965393066406
    endloop
  endfacet
  facet normal 0 -0 1
    outer loop
      vertex 106.10128784179688 0.57425260543823242 46.187965393066406
      vertex 104.99508666992188 2.1504244804382324 46.187965393066406
      vertex 101.07968139648438 -0.96821260452270508 46.187965393066406
    endloop
  endfacet
  facet normal -0 0 1
    outer loop
      vertex 99.825164794921875 0.71329069137573242 46.187965393066406
      vertex 103.83395385742188 3.7028384208679199 46.187965393066406
      vertex 102.61849975585938 5.2287325859069824 46.187965393066406
    endloop
  endfacet
  facet normal 0 -0 1
    outer loop
      vertex 100.02804565429688 8.1901578903198242 46.187965393066406
      vertex 97.116668701171875 3.9638094902038574 46.187965393066406
      vertex 101.34957885742188 6.7254061698913574 46.187965393066406
    endloop
  endfacet
  facet normal -0 0 1
    outer loop
      vertex 99.825164794921875 0.71329069137573242 46.187965393066406
      vertex 102.61849975585938 5.2287325859069824 46.187965393066406
      vertex 98.503753662109375 2.3586001396179199 46.187965393066406
    endloop
  endfacet
  facet normal -0 0 1
    outer loop
      vertex 102.61849975585938 5.2287325859069824 46.187965393066406
      vertex 101.34957885742188 6.7254061698913574 46.187965393066406
      vertex 98.503753662109375 2.3586001396179199 46.187965393066406
    endloop
  endfacet
  facet normal -0 0 1
    outer loop
      vertex 95.665924072265625 5.5251498222351074 46.187965393066406
      vertex 100.02804565429688 8.1901578903198242 46.187965393066406
      vertex 98.655120849609375 9.6203184127807617 46.187965393066406
    endloop
  endfacet
  facet normal 0 0 1
    outer loop
      vertex 99.825164794921875 0.71329069137573242 46.187965393066406
      vertex 101.07968139648438 -0.96821260452270508 46.187965393066406
      vertex 104.99508666992188 2.1504244804382324 46.187965393066406
    endloop
  endfacet
  facet normal -0 0 1
    outer loop
      vertex 106.31491088867188 -9.7808046340942383 46.187965393066406
      vertex 107.15219116210938 -1.0229763984680176 46.187965393066406
      vertex 105.40780639648438 -7.9773678779602051 46.187965393066406
    endloop
  endfacet
  facet normal -0 0 1
    outer loop
      vertex 104.43051147460938 -6.1904873847961426 46.187965393066406
      vertex 105.40780639648438 -7.9773678779602051 46.187965393066406
      vertex 107.15219116210938 -1.0229763984680176 46.187965393066406
    endloop
  endfacet
  facet normal 0 -0 1
    outer loop
      vertex 107.15219116210938 -1.0229763984680176 46.187965393066406
      vertex 106.31491088867188 -9.7808046340942383 46.187965393066406
      vertex 107.15219116210938 -11.596997261047363 46.187965393066406
    endloop
  endfacet
  facet normal 0 -0 1
    outer loop
      vertex 106.10128784179688 0.57425260543823242 46.187965393066406
      vertex 102.26596069335938 -2.6819729804992676 46.187965393066406
      vertex 107.15219116210938 -1.0229763984680176 46.187965393066406
    endloop
  endfacet
  facet normal 0 -0 1
    outer loop
      vertex 107.15219116210938 -1.0229763984680176 46.187965393066406
      vertex 103.38302612304688 -4.4240536689758301 46.187965393066406
      vertex 104.43051147460938 -6.1904873847961426 46.187965393066406
    endloop
  endfacet
  facet normal 0 -0 1
    outer loop
      vertex 107.15219116210938 -1.0229763984680176 46.187965393066406
      vertex 102.26596069335938 -2.6819729804992676 46.187965393066406
      vertex 103.38302612304688 -4.4240536689758301 46.187965393066406
    endloop
  endfacet
  facet normal 0 0 1
    outer loop
      vertex 102.26596069335938 -2.6819729804992676 46.187965393066406
      vertex 106.10128784179688 0.57425260543823242 46.187965393066406
      vertex 101.07968139648438 -0.96821260452270508 46.187965393066406
    endloop
  endfacet
  facet normal 0 0 1
    outer loop
      vertex 91.071380615234375 16.163410186767578 46.187965393066406
      vertex 89.271148681640625 11.259829521179199 46.187965393066406
      vertex 92.678253173828125 14.943881034851074 46.187965393066406
    endloop
  endfacet
  facet normal -0 0 1
    outer loop
      vertex 91.071380615234375 16.163410186767578 46.187965393066406
      vertex 87.538299560546875 12.549288749694824 46.187965393066406
      vertex 89.271148681640625 11.259829521179199 46.187965393066406
    endloop
  endfacet
  facet normal 0 0 1
    outer loop
      vertex 94.241912841796875 13.677493095397949 46.187965393066406
      vertex 92.678253173828125 14.943881034851074 46.187965393066406
      vertex 90.953338623046875 9.9095640182495117 46.187965393066406
    endloop
  endfacet
  facet normal -0 0 1
    outer loop
      vertex 91.071380615234375 16.163410186767578 46.187965393066406
      vertex 89.423492431640625 17.333896636962891 46.187965393066406
      vertex 87.538299560546875 12.549288749694824 46.187965393066406
    endloop
  endfacet
  facet normal 0 -0 1
    outer loop
      vertex 82.070098876953125 16.026218414306641 46.187965393066406
      vertex 83.934112548828125 14.934893608093262 46.187965393066406
      vertex 86.013885498046875 19.519840240478516 46.187965393066406
    endloop
  endfacet
  facet normal 0 -0 1
    outer loop
      vertex 85.758087158203125 13.775149345397949 46.187965393066406
      vertex 87.538299560546875 12.549288749694824 46.187965393066406
      vertex 89.423492431640625 17.333896636962891 46.187965393066406
    endloop
  endfacet
  facet normal 0 -0 1
    outer loop
      vertex 83.934112548828125 14.934893608093262 46.187965393066406
      vertex 85.758087158203125 13.775149345397949 46.187965393066406
      vertex 87.736846923828125 18.453327178955078 46.187965393066406
    endloop
  endfacet
  facet normal -0 0 1
    outer loop
      vertex 82.070098876953125 16.026218414306641 46.187965393066406
      vertex 84.257049560546875 20.531665802001953 46.187965393066406
      vertex 80.169952392578125 17.047153472900391 46.187965393066406
    endloop
  endfacet
  facet normal 0 -0 1
    outer loop
      vertex 97.116668701171875 3.9638094902038574 46.187965393066406
      vertex 100.02804565429688 8.1901578903198242 46.187965393066406
      vertex 95.665924072265625 5.5251498222351074 46.187965393066406
    endloop
  endfacet
  facet normal 0 -0 1
    outer loop
      vertex 97.116668701171875 3.9638094902038574 46.187965393066406
      vertex 98.503753662109375 2.3586001396179199 46.187965393066406
      vertex 101.34957885742188 6.7254061698913574 46.187965393066406
    endloop
  endfacet
  facet normal 0 -0 1
    outer loop
      vertex 92.581756591796875 8.5015134811401367 46.187965393066406
      vertex 97.232147216796875 11.013293266296387 46.187965393066406
      vertex 95.760528564453125 12.366503715515137 46.187965393066406
    endloop
  endfacet
  facet normal 0 -0 1
    outer loop
      vertex 98.655120849609375 9.6203184127807617 46.187965393066406
      vertex 97.232147216796875 11.013293266296387 46.187965393066406
      vertex 94.153472900390625 7.0389132499694824 46.187965393066406
    endloop
  endfacet
  facet normal 0 -0 1
    outer loop
      vertex 94.241912841796875 13.677493095397949 46.187965393066406
      vertex 90.953338623046875 9.9095640182495117 46.187965393066406
      vertex 95.760528564453125 12.366503715515137 46.187965393066406
    endloop
  endfacet
  facet normal 0 0 1
    outer loop
      vertex 94.153472900390625 7.0389132499694824 46.187965393066406
      vertex 95.665924072265625 5.5251498222351074 46.187965393066406
      vertex 98.655120849609375 9.6203184127807617 46.187965393066406
    endloop
  endfacet
  facet normal 0 0 1
    outer loop
      vertex 97.232147216796875 11.013293266296387 46.187965393066406
      vertex 92.581756591796875 8.5015134811401367 46.187965393066406
      vertex 94.153472900390625 7.0389132499694824 46.187965393066406
    endloop
  endfacet
  facet normal 0 -0 1
    outer loop
      vertex 95.760528564453125 12.366503715515137 46.187965393066406
      vertex 90.953338623046875 9.9095640182495117 46.187965393066406
      vertex 92.581756591796875 8.5015134811401367 46.187965393066406
    endloop
  endfacet
  facet normal -0 0 1
    outer loop
      vertex 90.953338623046875 9.9095640182495117 46.187965393066406
      vertex 92.678253173828125 14.943881034851074 46.187965393066406
      vertex 89.271148681640625 11.259829521179199 46.187965393066406
    endloop
  endfacet
  facet normal 0 -0 1
    outer loop
      vertex 53.853610992431641 28.558261871337891 46.187965393066406
      vertex 51.941745758056641 28.547916412353516 46.187965393066406
      vertex 52.043918609619141 23.548954010009766 46.187965393066406
    endloop
  endfacet
  facet normal 0 0 1
    outer loop
      vertex 51.941745758056641 28.547916412353516 46.187965393066406
      vertex 50.017307281494141 28.479694366455078 46.187965393066406
      vertex 52.043918609619141 23.548954010009766 46.187965393066406
    endloop
  endfacet
  facet normal 0 0 1
    outer loop
      vertex 50.017307281494141 28.479694366455078 46.187965393066406
      vertex 48.082859039306641 28.352466583251953 46.187965393066406
      vertex 50.026584625244141 23.473270416259766 46.187965393066406
    endloop
  endfacet
  facet normal 0 -0 1
    outer loop
      vertex 44.194553375244141 27.917301177978516 46.187965393066406
      vertex 45.953220367431641 23.108325958251953 46.187965393066406
      vertex 46.141025543212891 28.165287017822266 46.187965393066406
    endloop
  endfacet
  facet normal -0 0 1
    outer loop
      vertex 43.904453277587891 22.816181182861328 46.187965393066406
      vertex 44.194553375244141 27.917301177978516 46.187965393066406
      vertex 42.246189117431641 27.607868194580078 46.187965393066406
    endloop
  endfacet
  facet normal -0 0 1
    outer loop
      vertex 47.995212554931641 23.326908111572266 46.187965393066406
      vertex 48.082859039306641 28.352466583251953 46.187965393066406
      vertex 46.141025543212891 28.165287017822266 46.187965393066406
    endloop
  endfacet
  facet normal 0 -0 1
    outer loop
      vertex 40.298801422119141 27.236469268798828 46.187965393066406
      vertex 41.852695465087891 22.449390411376953 46.187965393066406
      vertex 42.246189117431641 27.607868194580078 46.187965393066406
    endloop
  endfacet
  facet normal -0 0 1
    outer loop
      vertex 50.026584625244141 23.473270416259766 46.187965393066406
      vertex 52.043918609619141 23.548954010009766 46.187965393066406
      vertex 50.017307281494141 28.479694366455078 46.187965393066406
    endloop
  endfacet
  facet normal -0 0 1
    outer loop
      vertex 45.953220367431641 23.108325958251953 46.187965393066406
      vertex 47.995212554931641 23.326908111572266 46.187965393066406
      vertex 46.141025543212891 28.165287017822266 46.187965393066406
    endloop
  endfacet
  facet normal -0 0 1
    outer loop
      vertex 50.026584625244141 23.473270416259766 46.187965393066406
      vertex 48.082859039306641 28.352466583251953 46.187965393066406
      vertex 47.995212554931641 23.326908111572266 46.187965393066406
    endloop
  endfacet
  facet normal -0 0 1
    outer loop
      vertex 43.904453277587891 22.816181182861328 46.187965393066406
      vertex 42.246189117431641 27.607868194580078 46.187965393066406
      vertex 41.852695465087891 22.449390411376953 46.187965393066406
    endloop
  endfacet
  facet normal 0 0 1
    outer loop
      vertex 44.194553375244141 27.917301177978516 46.187965393066406
      vertex 43.904453277587891 22.816181182861328 46.187965393066406
      vertex 45.953220367431641 23.108325958251953 46.187965393066406
    endloop
  endfacet
  facet normal -0 0 1
    outer loop
      vertex 39.801975250244141 22.007160186767578 46.187965393066406
      vertex 41.852695465087891 22.449390411376953 46.187965393066406
      vertex 40.298801422119141 27.236469268798828 46.187965393066406
    endloop
  endfacet
  facet normal 0 0 1
    outer loop
      vertex 39.801975250244141 22.007160186767578 46.187965393066406
      vertex 38.355319976806641 26.802799224853516 46.187965393066406
      vertex 37.756320953369141 21.488910675048828 46.187965393066406
    endloop
  endfacet
  facet normal 0 -0 1
    outer loop
      vertex 38.355319976806641 26.802799224853516 46.187965393066406
      vertex 39.801975250244141 22.007160186767578 46.187965393066406
      vertex 40.298801422119141 27.236469268798828 46.187965393066406
    endloop
  endfacet
  facet normal -0 0 1
    outer loop
      vertex 54.043796539306641 23.555744171142578 46.187965393066406
      vertex 53.853610992431641 28.558261871337891 46.187965393066406
      vertex 52.043918609619141 23.548954010009766 46.187965393066406
    endloop
  endfacet
  facet normal -0 -0 1
    outer loop
      vertex 37.756320953369141 21.488910675048828 46.187965393066406
      vertex 36.418613433837891 26.306705474853516 46.187965393066406
      vertex 34.491733551025391 25.748233795166016 46.187965393066406
    endloop
  endfacet
  facet normal 0 0 1
    outer loop
      vertex 34.491733551025391 25.748233795166016 46.187965393066406
      vertex 32.577671051025391 25.127613067626953 46.187965393066406
      vertex 35.719821929931641 20.894412994384766 46.187965393066406
    endloop
  endfacet
  facet normal -0 0 1
    outer loop
      vertex 37.756320953369141 21.488910675048828 46.187965393066406
      vertex 34.491733551025391 25.748233795166016 46.187965393066406
      vertex 35.719821929931641 20.894412994384766 46.187965393066406
    endloop
  endfacet
  facet normal 0 -0 1
    outer loop
      vertex 38.355319976806641 26.802799224853516 46.187965393066406
      vertex 36.418613433837891 26.306705474853516 46.187965393066406
      vertex 37.756320953369141 21.488910675048828 46.187965393066406
    endloop
  endfacet
  facet normal 0 0 1
    outer loop
      vertex 28.799777984619141 23.701801300048828 46.187965393066406
      vertex 31.691440582275391 19.477130889892578 46.187965393066406
      vertex 30.679355621337891 24.445270538330078 46.187965393066406
    endloop
  endfacet
  facet normal -0 -0 1
    outer loop
      vertex 29.707920074462891 18.655353546142578 46.187965393066406
      vertex 28.799777984619141 23.701801300048828 46.187965393066406
      vertex 26.941867828369141 22.898014068603516 46.187965393066406
    endloop
  endfacet
  facet normal 0 0 1
    outer loop
      vertex 32.577671051025391 25.127613067626953 46.187965393066406
      vertex 30.679355621337891 24.445270538330078 46.187965393066406
      vertex 33.696811676025391 20.223697662353516 46.187965393066406
    endloop
  endfacet
  facet normal 0 0 1
    outer loop
      vertex 26.941867828369141 22.898014068603516 46.187965393066406
      vertex 27.750522613525391 17.759357452392578 46.187965393066406
      vertex 29.707920074462891 18.655353546142578 46.187965393066406
    endloop
  endfacet
  facet normal -0 0 1
    outer loop
      vertex 33.696811676025391 20.223697662353516 46.187965393066406
      vertex 35.719821929931641 20.894412994384766 46.187965393066406
      vertex 32.577671051025391 25.127613067626953 46.187965393066406
    endloop
  endfacet
  facet normal -0 0 1
    outer loop
      vertex 29.707920074462891 18.655353546142578 46.187965393066406
      vertex 31.691440582275391 19.477130889892578 46.187965393066406
      vertex 28.799777984619141 23.701801300048828 46.187965393066406
    endloop
  endfacet
  facet normal -0 0 1
    outer loop
      vertex 33.696811676025391 20.223697662353516 46.187965393066406
      vertex 30.679355621337891 24.445270538330078 46.187965393066406
      vertex 31.691440582275391 19.477130889892578 46.187965393066406
    endloop
  endfacet
  facet normal -0 -0 1
    outer loop
      vertex 23.930332183837891 15.750140190124512 46.187965393066406
      vertex 23.302524566650391 21.113605499267578 46.187965393066406
      vertex 21.526706695556641 20.135486602783203 46.187965393066406
    endloop
  endfacet
  facet normal -0 -0 1
    outer loop
      vertex 23.930332183837891 15.750140190124512 46.187965393066406
      vertex 21.526706695556641 20.135486602783203 46.187965393066406
      vertex 19.783664703369141 19.102085113525391 46.187965393066406
    endloop
  endfacet
  facet normal -0 -0 1
    outer loop
      vertex 25.823276519775391 16.790424346923828 46.187965393066406
      vertex 25.108493804931641 22.034885406494141 46.187965393066406
      vertex 23.302524566650391 21.113605499267578 46.187965393066406
    endloop
  endfacet
  facet normal 0 0 1
    outer loop
      vertex 26.941867828369141 22.898014068603516 46.187965393066406
      vertex 25.108493804931641 22.034885406494141 46.187965393066406
      vertex 27.750522613525391 17.759357452392578 46.187965393066406
    endloop
  endfacet
  facet normal 0 0 1
    outer loop
      vertex 18.075962066650391 18.015048980712891 46.187965393066406
      vertex 22.075534820556641 14.640383720397949 46.187965393066406
      vertex 19.783664703369141 19.102085113525391 46.187965393066406
    endloop
  endfacet
  facet normal -0 0 1
    outer loop
      vertex 25.823276519775391 16.790424346923828 46.187965393066406
      vertex 27.750522613525391 17.759357452392578 46.187965393066406
      vertex 25.108493804931641 22.034885406494141 46.187965393066406
    endloop
  endfacet
  facet normal -0 0 1
    outer loop
      vertex 22.075534820556641 14.640383720397949 46.187965393066406
      vertex 23.930332183837891 15.750140190124512 46.187965393066406
      vertex 19.783664703369141 19.102085113525391 46.187965393066406
    endloop
  endfacet
  facet normal -0 0 1
    outer loop
      vertex 25.823276519775391 16.790424346923828 46.187965393066406
      vertex 23.302524566650391 21.113605499267578 46.187965393066406
      vertex 23.930332183837891 15.750140190124512 46.187965393066406
    endloop
  endfacet
  facet normal -0 0 1
    outer loop
      vertex 18.495456695556641 12.221423149108887 46.187965393066406
      vertex 20.262729644775391 13.463335990905762 46.187965393066406
      vertex 16.406040191650391 16.876224517822266 46.187965393066406
    endloop
  endfacet
  facet normal 0 0 1
    outer loop
      vertex 13.188570976257324 14.451312065124512 46.187965393066406
      vertex 16.777194976806641 10.917361259460449 46.187965393066406
      vertex 14.776217460632324 15.687609672546387 46.187965393066406
    endloop
  endfacet
  facet normal 0 0 1
    outer loop
      vertex 18.495456695556641 12.221423149108887 46.187965393066406
      vertex 16.406040191650391 16.876224517822266 46.187965393066406
      vertex 14.776217460632324 15.687609672546387 46.187965393066406
    endloop
  endfacet
  facet normal 0 0 1
    outer loop
      vertex 18.075962066650391 18.015048980712891 46.187965393066406
      vertex 20.262729644775391 13.463335990905762 46.187965393066406
      vertex 22.075534820556641 14.640383720397949 46.187965393066406
    endloop
  endfacet
  facet normal -0 -0 1
    outer loop
      vertex 20.262729644775391 13.463335990905762 46.187965393066406
      vertex 18.075962066650391 18.015048980712891 46.187965393066406
      vertex 16.406040191650391 16.876224517822266 46.187965393066406
    endloop
  endfacet
  facet normal -0 0 1
    outer loop
      vertex 16.777194976806641 10.917361259460449 46.187965393066406
      vertex 18.495456695556641 12.221423149108887 46.187965393066406
      vertex 14.776217460632324 15.687609672546387 46.187965393066406
    endloop
  endfacet
  facet normal 0 0 1
    outer loop
      vertex 11.645297050476074 13.169543266296387 46.187965393066406
      vertex 13.500216484069824 8.1347074508666992 46.187965393066406
      vertex 15.111117362976074 9.5540800094604492 46.187965393066406
    endloop
  endfacet
  facet normal -0 0 1
    outer loop
      vertex 16.777194976806641 10.917361259460449 46.187965393066406
      vertex 13.188570976257324 14.451312065124512 46.187965393066406
      vertex 15.111117362976074 9.5540800094604492 46.187965393066406
    endloop
  endfacet
  facet normal 0 0 1
    outer loop
      vertex 11.947237968444824 6.6626009941101074 46.187965393066406
      vertex 13.500216484069824 8.1347074508666992 46.187965393066406
      vertex 8.6987638473510742 10.479128837585449 46.187965393066406
    endloop
  endfacet
  facet normal 0 -0 1
    outer loop
      vertex 11.947237968444824 6.6626009941101074 46.187965393066406
      vertex 7.2987399101257324 9.0754423141479492 46.187965393066406
      vertex 10.454623222351074 5.1412539482116699 46.187965393066406
    endloop
  endfacet
  facet normal -0 -0 1
    outer loop
      vertex 10.148104667663574 11.844668388366699 46.187965393066406
      vertex 8.6987638473510742 10.479128837585449 46.187965393066406
      vertex 13.500216484069824 8.1347074508666992 46.187965393066406
    endloop
  endfacet
  facet normal -0 -0 1
    outer loop
      vertex 11.645297050476074 13.169543266296387 46.187965393066406
      vertex 10.148104667663574 11.844668388366699 46.187965393066406
      vertex 13.500216484069824 8.1347074508666992 46.187965393066406
    endloop
  endfacet
  facet normal 0 0 1
    outer loop
      vertex 13.188570976257324 14.451312065124512 46.187965393066406
      vertex 11.645297050476074 13.169543266296387 46.187965393066406
      vertex 15.111117362976074 9.5540800094604492 46.187965393066406
    endloop
  endfacet
  facet normal -0 -0 1
    outer loop
      vertex 7.2987399101257324 9.0754423141479492 46.187965393066406
      vertex 5.9495577812194824 7.6361880302429199 46.187965393066406
      vertex 10.454623222351074 5.1412539482116699 46.187965393066406
    endloop
  endfacet
  facet normal 0 -0 1
    outer loop
      vertex 9.0244474411010742 3.5743136405944824 46.187965393066406
      vertex 4.6522555351257324 6.1640048027038574 46.187965393066406
      vertex 7.6587862968444824 1.9655184745788574 46.187965393066406
    endloop
  endfacet
  facet normal 0 0 1
    outer loop
      vertex 9.0244474411010742 3.5743136405944824 46.187965393066406
      vertex 10.454623222351074 5.1412539482116699 46.187965393066406
      vertex 5.9495577812194824 7.6361880302429199 46.187965393066406
    endloop
  endfacet
  facet normal -0 -0 1
    outer loop
      vertex 8.6987638473510742 10.479128837585449 46.187965393066406
      vertex 7.2987399101257324 9.0754423141479492 46.187965393066406
      vertex 11.947237968444824 6.6626009941101074 46.187965393066406
    endloop
  endfacet
  facet normal 0 0 1
    outer loop
      vertex 4.6522555351257324 6.1640048027038574 46.187965393066406
      vertex 3.4078705310821533 4.6615939140319824 46.187965393066406
      vertex 7.6587862968444824 1.9655184745788574 46.187965393066406
    endloop
  endfacet
  facet normal -0 0 1
    outer loop
      vertex 7.6587862968444824 1.9655184745788574 46.187965393066406
      vertex 3.4078705310821533 4.6615939140319824 46.187965393066406
      vertex 6.3590426445007324 0.31872889399528503 46.187965393066406
    endloop
  endfacet
  facet normal -0 -0 1
    outer loop
      vertex 5.9495577812194824 7.6361880302429199 46.187965393066406
      vertex 4.6522555351257324 6.1640048027038574 46.187965393066406
      vertex 9.0244474411010742 3.5743136405944824 46.187965393066406
    endloop
  endfacet
  facet normal 0 0 1
    outer loop
      vertex 2.2173187732696533 3.1316409111022949 46.187965393066406
      vertex 6.3590426445007324 0.31872889399528503 46.187965393066406
      vertex 3.4078705310821533 4.6615939140319824 46.187965393066406
    endloop
  endfacet
  facet normal 0 0 1
    outer loop
      vertex 5.1266818046569824 -1.3621792793273926 46.187965393066406
      vertex 6.3590426445007324 0.31872889399528503 46.187965393066406
      vertex 2.2173187732696533 3.1316409111022949 46.187965393066406
    endloop
  endfacet
  facet normal 0 0 1
    outer loop
      vertex -2.7354893973097205e-05 3.3104024623753503e-06 46.187965393066406
      vertex 2.8676483631134033 -4.8106045722961426 46.187965393066406
      vertex 3.9626190662384033 -3.0732693672180176 46.187965393066406
    endloop
  endfacet
  facet normal 0 -0 1
    outer loop
      vertex 3.9626190662384033 -3.0732693672180176 46.187965393066406
      vertex 5.1266818046569824 -1.3621792793273926 46.187965393066406
      vertex -2.7354893973097205e-05 3.3104024623753503e-06 46.187965393066406
    endloop
  endfacet
  facet normal -0 0 1
    outer loop
      vertex 2.8676483631134033 -4.8106045722961426 46.187965393066406
      vertex -2.7354893973097205e-05 3.3104024623753503e-06 46.187965393066406
      vertex 1.8421357870101929 -6.5702633857727051 46.187965393066406
    endloop
  endfacet
  facet normal 0 0 1
    outer loop
      vertex -2.7354893973097205e-05 3.3104024623753503e-06 46.187965393066406
      vertex 0.8862641453742981 -8.3483858108520508 46.187965393066406
      vertex 1.8421357870101929 -6.5702633857727051 46.187965393066406
    endloop
  endfacet
  facet normal 0 0 1
    outer loop
      vertex -2.7354893973097205e-05 3.3104024623753503e-06 46.187965393066406
      vertex -2.7354893973097205e-05 -10.141171455383301 46.187965393066406
      vertex 0.8862641453742981 -8.3483858108520508 46.187965393066406
    endloop
  endfacet
  facet normal -0 -0 1
    outer loop
      vertex 1.0812104940414429 1.5768771171569824 46.187965393066406
      vertex -2.7354893973097205e-05 3.3104024623753503e-06 46.187965393066406
      vertex 5.1266818046569824 -1.3621792793273926 46.187965393066406
    endloop
  endfacet
  facet normal -0 -0 1
    outer loop
      vertex 5.1266818046569824 -1.3621792793273926 46.187965393066406
      vertex 2.2173187732696533 3.1316409111022949 46.187965393066406
      vertex 1.0812104940414429 1.5768771171569824 46.187965393066406
    endloop
  endfacet
endsolid OBJECT
