solid OBJECT
  facet normal 0.65512042723684805 -0.75552447069370954 0
    outer loop
      vertex -5.5235606851056218e-05 -6.4855780601501465 0
      vertex 0.93366056680679321 -5.6759467124938965 0
      vertex 0.93366056680679321 -5.6759467124938965 46.187965393066406
    endloop
  endfacet
  facet normal 0.65512042723684805 -0.75552447069370954 0
    outer loop
      vertex -5.5235606851056218e-05 -6.4855780601501465 0
      vertex 0.93366056680679321 -5.6759467124938965 46.187965393066406
      vertex -5.5235606851056218e-05 -6.4855780601501465 46.187965393066406
    endloop
  endfacet
  facet normal 0.63901487637899923 -0.76919437580258754 0
    outer loop
      vertex 0.93366056680679321 -5.6759467124938965 0
      vertex 1.891790509223938 -4.879971981048584 0
      vertex 1.891790509223938 -4.879971981048584 46.187965393066406
    endloop
  endfacet
  facet normal 0.63901487637899923 -0.76919437580258754 1.2059277482693678e-18
    outer loop
      vertex 0.93366056680679321 -5.6759467124938965 0
      vertex 1.891790509223938 -4.879971981048584 46.187965393066406
      vertex 0.93366056680679321 -5.6759467124938965 46.187965393066406
    endloop
  endfacet
  facet normal 0.62263936503770489 -0.7825089271730028 0
    outer loop
      vertex 1.891790509223938 -4.879971981048584 0
      vertex 2.8738460540771484 -4.0985541343688965 0
      vertex 2.8738460540771484 -4.0985541343688965 46.187965393066406
    endloop
  endfacet
  facet normal 0.62263936503770489 -0.7825089271730028 0
    outer loop
      vertex 1.891790509223938 -4.879971981048584 0
      vertex 2.8738460540771484 -4.0985541343688965 46.187965393066406
      vertex 1.891790509223938 -4.879971981048584 46.187965393066406
    endloop
  endfacet
  facet normal 0.60572285212147159 -0.79567570430284584 0
    outer loop
      vertex 2.8738460540771484 -4.0985541343688965 0
      vertex 3.8799495697021484 -3.332639217376709 0
      vertex 3.8799495697021484 -3.332639217376709 46.187965393066406
    endloop
  endfacet
  facet normal 0.60572285212147159 -0.79567570430284584 0
    outer loop
      vertex 2.8738460540771484 -4.0985541343688965 0
      vertex 3.8799495697021484 -3.332639217376709 46.187965393066406
      vertex 2.8738460540771484 -4.0985541343688965 46.187965393066406
    endloop
  endfacet
  facet normal 0.5884366629003015 -0.80854331594216844 0
    outer loop
      vertex 3.8799495697021484 -3.332639217376709 0
      vertex 4.9097347259521484 -2.583188533782959 0
      vertex 4.9097347259521484 -2.583188533782959 46.187965393066406
    endloop
  endfacet
  facet normal 0.5884366629003015 -0.80854331594216844 0
    outer loop
      vertex 3.8799495697021484 -3.332639217376709 0
      vertex 4.9097347259521484 -2.583188533782959 46.187965393066406
      vertex 3.8799495697021484 -3.332639217376709 46.187965393066406
    endloop
  endfacet
  facet normal 0.57073813313139676 -0.82113213515833616 0
    outer loop
      vertex 4.9097347259521484 -2.583188533782959 0
      vertex 5.9629573822021484 -1.8511329889297485 0
      vertex 5.9629573822021484 -1.8511329889297485 46.187965393066406
    endloop
  endfacet
  facet normal 0.57073813313139676 -0.82113213515833616 0
    outer loop
      vertex 4.9097347259521484 -2.583188533782959 0
      vertex 5.9629573822021484 -1.8511329889297485 46.187965393066406
      vertex 4.9097347259521484 -2.583188533782959 46.187965393066406
    endloop
  endfacet
  facet normal 0.55269708658789973 -0.83338222351886504 0
    outer loop
      vertex 5.9629573822021484 -1.8511329889297485 0
      vertex 7.0391292572021484 -1.1374183893203735 0
      vertex 7.0391292572021484 -1.1374183893203735 46.187965393066406
    endloop
  endfacet
  facet normal 0.55269708658789973 -0.83338222351886504 3.3601843180159366e-19
    outer loop
      vertex 5.9629573822021484 -1.8511329889297485 0
      vertex 7.0391292572021484 -1.1374183893203735 46.187965393066406
      vertex 5.9629573822021484 -1.8511329889297485 46.187965393066406
    endloop
  endfacet
  facet normal 0.53421294349990445 -0.84534994587872758 0
    outer loop
      vertex 7.0391292572021484 -1.1374183893203735 0
      vertex 8.1380062103271484 -0.44299083948135376 0
      vertex 8.1380062103271484 -0.44299083948135376 46.187965393066406
    endloop
  endfacet
  facet normal 0.53421294349990445 -0.84534994587872758 0
    outer loop
      vertex 7.0391292572021484 -1.1374183893203735 0
      vertex 8.1380062103271484 -0.44299083948135376 46.187965393066406
      vertex 7.0391292572021484 -1.1374183893203735 46.187965393066406
    endloop
  endfacet
  facet normal 0.51537712196991081 -0.85696348939147449 0
    outer loop
      vertex 8.1380062103271484 -0.44299083948135376 0
      vertex 9.2590999603271484 0.23123399913311005 0
      vertex 9.2590999603271484 0.23123399913311005 46.187965393066406
    endloop
  endfacet
  facet normal 0.51537712196991081 -0.85696348939147449 -1.1016479380971656e-18
    outer loop
      vertex 8.1380062103271484 -0.44299083948135376 0
      vertex 9.2590999603271484 0.23123399913311005 46.187965393066406
      vertex 8.1380062103271484 -0.44299083948135376 46.187965393066406
    endloop
  endfacet
  facet normal 0.49615892152518115 -0.86823172286606132 0
    outer loop
      vertex 9.2590999603271484 0.23123399913311005 0
      vertex 10.401922225952148 0.88431018590927124 0
      vertex 10.401922225952148 0.88431018590927124 46.187965393066406
    endloop
  endfacet
  facet normal 0.49615892152518115 -0.86823172286606132 0
    outer loop
      vertex 9.2590999603271484 0.23123399913311005 0
      vertex 10.401922225952148 0.88431018590927124 46.187965393066406
      vertex 9.2590999603271484 0.23123399913311005 46.187965393066406
    endloop
  endfacet
  facet normal 0.47656226374201832 -0.87914072182846981 0
    outer loop
      vertex 10.401922225952148 0.88431018590927124 0
      vertex 11.565984725952148 1.5153220891952515 0
      vertex 11.565984725952148 1.5153220891952515 46.187965393066406
    endloop
  endfacet
  facet normal 0.47656226374201832 -0.87914072182846981 0
    outer loop
      vertex 10.401922225952148 0.88431018590927124 0
      vertex 11.565984725952148 1.5153220891952515 46.187965393066406
      vertex 10.401922225952148 0.88431018590927124 46.187965393066406
    endloop
  endfacet
  facet normal 0.45667705927268332 -0.88963254410686565 0
    outer loop
      vertex 11.565984725952148 1.5153220891952515 0
      vertex 12.750555038452148 2.1234002113342285 0
      vertex 12.750555038452148 2.1234002113342285 46.187965393066406
    endloop
  endfacet
  facet normal 0.45667705927268332 -0.88963254410686565 3.2118521174829008e-19
    outer loop
      vertex 11.565984725952148 1.5153220891952515 0
      vertex 12.750555038452148 2.1234002113342285 46.187965393066406
      vertex 11.565984725952148 1.5153220891952515 46.187965393066406
    endloop
  endfacet
  facet normal 0.43634956077540016 -0.89977722843552532 0
    outer loop
      vertex 12.750555038452148 2.1234002113342285 0
      vertex 13.955266952514648 2.7076287269592285 0
      vertex 13.955266952514648 2.7076287269592285 46.187965393066406
    endloop
  endfacet
  facet normal 0.43634956077540016 -0.89977722843552532 0
    outer loop
      vertex 12.750555038452148 2.1234002113342285 0
      vertex 13.955266952514648 2.7076287269592285 46.187965393066406
      vertex 12.750555038452148 2.1234002113342285 46.187965393066406
    endloop
  endfacet
  facet normal 0.41573939628323081 -0.9094837845602608 0
    outer loop
      vertex 13.955266952514648 2.7076287269592285 0
      vertex 15.179265975952148 3.2671380043029785 0
      vertex 15.179265975952148 3.2671380043029785 46.187965393066406
    endloop
  endfacet
  facet normal 0.41573939628323081 -0.9094837845602608 0
    outer loop
      vertex 13.955266952514648 2.7076287269592285 0
      vertex 15.179265975952148 3.2671380043029785 46.187965393066406
      vertex 13.955266952514648 2.7076287269592285 46.187965393066406
    endloop
  endfacet
  facet normal 0.3948300673691591 -0.91875416619532402 0
    outer loop
      vertex 15.179265975952148 3.2671380043029785 0
      vertex 16.421819686889648 3.801119327545166 0
      vertex 16.421819686889648 3.801119327545166 46.187965393066406
    endloop
  endfacet
  facet normal 0.3948300673691591 -0.91875416619532402 0
    outer loop
      vertex 15.179265975952148 3.2671380043029785 0
      vertex 16.421819686889648 3.801119327545166 46.187965393066406
      vertex 15.179265975952148 3.2671380043029785 46.187965393066406
    endloop
  endfacet
  facet normal 0.37355609345949148 -0.92760759216345545 0
    outer loop
      vertex 16.421819686889648 3.801119327545166 0
      vertex 17.682317733764648 4.3087334632873535 0
      vertex 17.682317733764648 4.3087334632873535 46.187965393066406
    endloop
  endfacet
  facet normal 0.37355609345949148 -0.92760759216345545 5.0433962903149763e-19
    outer loop
      vertex 16.421819686889648 3.801119327545166 0
      vertex 17.682317733764648 4.3087334632873535 46.187965393066406
      vertex 16.421819686889648 3.801119327545166 46.187965393066406
    endloop
  endfacet
  facet normal 0.35203482544542675 -0.93598690251178629 0
    outer loop
      vertex 17.682317733764648 4.3087334632873535 0
      vertex 18.959783554077148 4.7892022132873535 0
      vertex 18.959783554077148 4.7892022132873535 46.187965393066406
    endloop
  endfacet
  facet normal 0.35203482544542675 -0.93598690251178629 9.6408813367075362e-19
    outer loop
      vertex 17.682317733764648 4.3087334632873535 0
      vertex 18.959783554077148 4.7892022132873535 46.187965393066406
      vertex 17.682317733764648 4.3087334632873535 46.187965393066406
    endloop
  endfacet
  facet normal 0.330197680719368 -0.94391180289662147 0
    outer loop
      vertex 18.959783554077148 4.7892022132873535 0
      vertex 20.253484725952148 5.241762638092041 0
      vertex 20.253484725952148 5.241762638092041 46.187965393066406
    endloop
  endfacet
  facet normal 0.33019768071936795 -0.94391180289662135 0
    outer loop
      vertex 18.959783554077148 4.7892022132873535 0
      vertex 20.253484725952148 5.241762638092041 46.187965393066406
      vertex 18.959783554077148 4.7892022132873535 46.187965393066406
    endloop
  endfacet
  facet normal 0.30812498886147788 -0.95134588412370502 0
    outer loop
      vertex 20.253484725952148 5.241762638092041 0
      vertex 21.562444686889648 5.665712833404541 0
      vertex 21.562444686889648 5.665712833404541 46.187965393066406
    endloop
  endfacet
  facet normal 0.30812498886147788 -0.95134588412370502 0
    outer loop
      vertex 20.253484725952148 5.241762638092041 0
      vertex 21.562444686889648 5.665712833404541 46.187965393066406
      vertex 20.253484725952148 5.241762638092041 46.187965393066406
    endloop
  endfacet
  facet normal 0.28576204143152989 -0.95830060820020591 0
    outer loop
      vertex 21.562444686889648 5.665712833404541 0
      vertex 22.885808944702148 6.060335636138916 0
      vertex 22.885808944702148 6.060335636138916 46.187965393066406
    endloop
  endfacet
  facet normal 0.28576204143152989 -0.95830060820020591 -1.0001637443226584e-19
    outer loop
      vertex 21.562444686889648 5.665712833404541 0
      vertex 22.885808944702148 6.060335636138916 46.187965393066406
      vertex 21.562444686889648 5.665712833404541 46.187965393066406
    endloop
  endfacet
  facet normal 0.26318822109642476 -0.96474450518056809 0
    outer loop
      vertex 22.885808944702148 6.060335636138916 0
      vertex 24.222600936889648 6.425020694732666 0
      vertex 24.222600936889648 6.425020694732666 46.187965393066406
    endloop
  endfacet
  facet normal 0.26318822109642476 -0.96474450518056809 0
    outer loop
      vertex 22.885808944702148 6.060335636138916 0
      vertex 24.222600936889648 6.425020694732666 46.187965393066406
      vertex 22.885808944702148 6.060335636138916 46.187965393066406
    endloop
  endfacet
  facet normal 0.24037567324547018 -0.97067993474254266 0
    outer loop
      vertex 24.222600936889648 6.425020694732666 0
      vertex 25.571844100952148 6.7591423988342285 0
      vertex 25.571844100952148 6.7591423988342285 46.187965393066406
    endloop
  endfacet
  facet normal 0.24037567324547018 -0.97067993474254266 1.449875354003147e-19
    outer loop
      vertex 24.222600936889648 6.425020694732666 0
      vertex 25.571844100952148 6.7591423988342285 46.187965393066406
      vertex 24.222600936889648 6.425020694732666 46.187965393066406
    endloop
  endfacet
  facet normal 0.21737782952489948 -0.97608753666412718 0
    outer loop
      vertex 25.571844100952148 6.7591423988342285 0
      vertex 26.932439804077148 7.0621514320373535 0
      vertex 26.932439804077148 7.0621514320373535 46.187965393066406
    endloop
  endfacet
  facet normal 0.21737782952489948 -0.97608753666412718 0
    outer loop
      vertex 25.571844100952148 6.7591423988342285 0
      vertex 26.932439804077148 7.0621514320373535 46.187965393066406
      vertex 25.571844100952148 6.7591423988342285 46.187965393066406
    endloop
  endfacet
  facet normal 0.19419443444768478 -0.98096305823896546 0
    outer loop
      vertex 26.932439804077148 7.0621514320373535 0
      vertex 28.303289413452148 7.333528995513916 0
      vertex 28.303289413452148 7.333528995513916 46.187965393066406
    endloop
  endfacet
  facet normal 0.19419443444768478 -0.98096305823896546 0
    outer loop
      vertex 26.932439804077148 7.0621514320373535 0
      vertex 28.303289413452148 7.333528995513916 46.187965393066406
      vertex 26.932439804077148 7.0621514320373535 46.187965393066406
    endloop
  endfacet
  facet normal 0.1708579395155041 -0.9852956736454882 0
    outer loop
      vertex 28.303289413452148 7.333528995513916 0
      vertex 29.683294296264648 7.5728325843811035 0
      vertex 29.683294296264648 7.5728325843811035 46.187965393066406
    endloop
  endfacet
  facet normal 0.1708579395155041 -0.9852956736454882 0
    outer loop
      vertex 28.303289413452148 7.333528995513916 0
      vertex 29.683294296264648 7.5728325843811035 46.187965393066406
      vertex 28.303289413452148 7.333528995513916 46.187965393066406
    endloop
  endfacet
  facet normal 0.14734728436522432 -0.98908481829931738 0
    outer loop
      vertex 29.683294296264648 7.5728325843811035 0
      vertex 31.071477890014648 7.779634952545166 0
      vertex 31.071477890014648 7.779634952545166 46.187965393066406
    endloop
  endfacet
  facet normal 0.14734728436522432 -0.98908481829931738 0
    outer loop
      vertex 29.683294296264648 7.5728325843811035 0
      vertex 31.071477890014648 7.779634952545166 46.187965393066406
      vertex 29.683294296264648 7.5728325843811035 46.187965393066406
    endloop
  endfacet
  facet normal 0.12372463837167376 -0.99231658953168678 0
    outer loop
      vertex 31.071477890014648 7.779634952545166 0
      vertex 32.466499328613281 7.9535698890686035 0
      vertex 32.466499328613281 7.9535698890686035 46.187965393066406
    endloop
  endfacet
  facet normal 0.12372463837167376 -0.99231658953168678 0
    outer loop
      vertex 31.071477890014648 7.779634952545166 0
      vertex 32.466499328613281 7.9535698890686035 46.187965393066406
      vertex 31.071477890014648 7.779634952545166 46.187965393066406
    endloop
  endfacet
  facet normal 0.099997012758717488 -0.99498773733113566 0
    outer loop
      vertex 32.466499328613281 7.9535698890686035 0
      vertex 33.867256164550781 8.0943470001220703 0
      vertex 33.867256164550781 8.0943470001220703 46.187965393066406
    endloop
  endfacet
  facet normal 0.099997012758717488 -0.99498773733113566 0
    outer loop
      vertex 32.466499328613281 7.9535698890686035 0
      vertex 33.867256164550781 8.0943470001220703 46.187965393066406
      vertex 32.466499328613281 7.9535698890686035 46.187965393066406
    endloop
  endfacet
  facet normal 0.076169974671864177 -0.99709484752378885 0
    outer loop
      vertex 33.867256164550781 8.0943470001220703 0
      vertex 35.272651672363281 8.2017078399658203 0
      vertex 35.272651672363281 8.2017078399658203 46.187965393066406
    endloop
  endfacet
  facet normal 0.076169974671864177 -0.99709484752378885 0
    outer loop
      vertex 33.867256164550781 8.0943470001220703 0
      vertex 35.272651672363281 8.2017078399658203 46.187965393066406
      vertex 33.867256164550781 8.0943470001220703 46.187965393066406
    endloop
  endfacet
  facet normal 0.052285200839237538 -0.99863219343920639 0
    outer loop
      vertex 35.272651672363281 8.2017078399658203 0
      vertex 36.681465148925781 8.2754688262939453 0
      vertex 36.681465148925781 8.2754688262939453 46.187965393066406
    endloop
  endfacet
  facet normal 0.052285200839237538 -0.99863219343920639 0
    outer loop
      vertex 35.272651672363281 8.2017078399658203 0
      vertex 36.681465148925781 8.2754688262939453 46.187965393066406
      vertex 35.272651672363281 8.2017078399658203 46.187965393066406
    endloop
  endfacet
  facet normal 0.02835638984525931 -0.99959787672590805 0
    outer loop
      vertex 36.681465148925781 8.2754688262939453 0
      vertex 38.092353820800781 8.3154926300048828 0
      vertex 38.092353820800781 8.3154926300048828 46.187965393066406
    endloop
  endfacet
  facet normal 0.02835638984525931 -0.99959787672590805 0
    outer loop
      vertex 36.681465148925781 8.2754688262939453 0
      vertex 38.092353820800781 8.3154926300048828 46.187965393066406
      vertex 36.681465148925781 8.2754688262939453 46.187965393066406
    endloop
  endfacet
  facet normal 0.004387818731969602 -0.99999037347705255 0
    outer loop
      vertex 38.092353820800781 8.3154926300048828 0
      vertex 39.504219055175781 8.3216876983642578 0
      vertex 39.504219055175781 8.3216876983642578 46.187965393066406
    endloop
  endfacet
  facet normal 0.004387818731969602 -0.99999037347705255 0
    outer loop
      vertex 38.092353820800781 8.3154926300048828 0
      vertex 39.504219055175781 8.3216876983642578 46.187965393066406
      vertex 38.092353820800781 8.3154926300048828 46.187965393066406
    endloop
  endfacet
  facet normal -0.019570397318182931 -0.99980848143472378 0
    outer loop
      vertex 39.504219055175781 8.3216876983642578 0
      vertex 40.915962219238281 8.2940540313720703 0
      vertex 40.915962219238281 8.2940540313720703 46.187965393066406
    endloop
  endfacet
  facet normal -0.019570397318182931 -0.99980848143472367 -0
    outer loop
      vertex 39.504219055175781 8.3216876983642578 0
      vertex 40.915962219238281 8.2940540313720703 46.187965393066406
      vertex 39.504219055175781 8.3216876983642578 46.187965393066406
    endloop
  endfacet
  facet normal -0.043533395652988013 -0.99905197235325061 0
    outer loop
      vertex 40.915962219238281 8.2940540313720703 0
      vertex 42.326118469238281 8.2326068878173828 0
      vertex 42.326118469238281 8.2326068878173828 46.187965393066406
    endloop
  endfacet
  facet normal -0.043533395652988013 -0.99905197235325061 1.9274601388389744e-20
    outer loop
      vertex 40.915962219238281 8.2940540313720703 0
      vertex 42.326118469238281 8.2326068878173828 46.187965393066406
      vertex 40.915962219238281 8.2940540313720703 46.187965393066406
    endloop
  endfacet
  facet normal -0.067441504104054945 -0.99772322992109519 0
    outer loop
      vertex 42.326118469238281 8.2326068878173828 0
      vertex 43.733589172363281 8.1374683380126953 0
      vertex 43.733589172363281 8.1374683380126953 46.187965393066406
    endloop
  endfacet
  facet normal -0.067441504104054945 -0.99772322992109519 -0
    outer loop
      vertex 42.326118469238281 8.2326068878173828 0
      vertex 43.733589172363281 8.1374683380126953 46.187965393066406
      vertex 42.326118469238281 8.2326068878173828 46.187965393066406
    endloop
  endfacet
  facet normal -0.091306852670985733 -0.99582280484799046 0
    outer loop
      vertex 43.733589172363281 8.1374683380126953 0
      vertex 45.137153625488281 8.0087757110595703 0
      vertex 45.137153625488281 8.0087757110595703 46.187965393066406
    endloop
  endfacet
  facet normal -0.091306852670985733 -0.99582280484799046 -1.0151285237474565e-19
    outer loop
      vertex 43.733589172363281 8.1374683380126953 0
      vertex 45.137153625488281 8.0087757110595703 46.187965393066406
      vertex 43.733589172363281 8.1374683380126953 46.187965393066406
    endloop
  endfacet
  facet normal -0.11508695745116465 -0.99335542089658635 0
    outer loop
      vertex 45.137153625488281 8.0087757110595703 0
      vertex 46.535713195800781 7.846743106842041 0
      vertex 46.535713195800781 7.846743106842041 46.187965393066406
    endloop
  endfacet
  facet normal -0.11508695745116465 -0.99335542089658635 9.4433363012594229e-20
    outer loop
      vertex 45.137153625488281 8.0087757110595703 0
      vertex 46.535713195800781 7.846743106842041 46.187965393066406
      vertex 45.137153625488281 8.0087757110595703 46.187965393066406
    endloop
  endfacet
  facet normal -0.13879049120523762 -0.99032176566558849 0
    outer loop
      vertex 46.535713195800781 7.846743106842041 0
      vertex 47.927925109863281 7.6516289710998535 0
      vertex 47.927925109863281 7.6516289710998535 46.187965393066406
    endloop
  endfacet
  facet normal -0.13879049120523762 -0.99032176566558849 -0
    outer loop
      vertex 46.535713195800781 7.846743106842041 0
      vertex 47.927925109863281 7.6516289710998535 46.187965393066406
      vertex 46.535713195800781 7.846743106842041 46.187965393066406
    endloop
  endfacet
  facet normal -0.16235336307619461 -0.98673268188392804 0
    outer loop
      vertex 47.927925109863281 7.6516289710998535 0
      vertex 49.312690734863281 7.4237847328186035 0
      vertex 49.312690734863281 7.4237847328186035 46.187965393066406
    endloop
  endfacet
  facet normal -0.16235336307619461 -0.98673268188392804 -0
    outer loop
      vertex 47.927925109863281 7.6516289710998535 0
      vertex 49.312690734863281 7.4237847328186035 46.187965393066406
      vertex 47.927925109863281 7.6516289710998535 46.187965393066406
    endloop
  endfacet
  facet normal -0.18577740054664846 -0.98259185700174112 0
    outer loop
      vertex 49.312690734863281 7.4237847328186035 0
      vertex 50.689033508300781 7.1635613441467285 0
      vertex 50.689033508300781 7.1635613441467285 46.187965393066406
    endloop
  endfacet
  facet normal -0.18577740054664846 -0.98259185700174101 -0
    outer loop
      vertex 49.312690734863281 7.4237847328186035 0
      vertex 50.689033508300781 7.1635613441467285 46.187965393066406
      vertex 49.312690734863281 7.4237847328186035 46.187965393066406
    endloop
  endfacet
  facet normal -0.20907569088722119 -0.97789946082408241 0
    outer loop
      vertex 50.689033508300781 7.1635613441467285 0
      vertex 52.055610656738281 6.8713860511779785 0
      vertex 52.055610656738281 6.8713860511779785 46.187965393066406
    endloop
  endfacet
  facet normal -0.20907569088722119 -0.97789946082408241 -0
    outer loop
      vertex 50.689033508300781 7.1635613441467285 0
      vertex 52.055610656738281 6.8713860511779785 46.187965393066406
      vertex 50.689033508300781 7.1635613441467285 46.187965393066406
    endloop
  endfacet
  facet normal -0.23219770004020077 -0.97266861165354823 0
    outer loop
      vertex 52.055610656738281 6.8713860511779785 0
      vertex 53.411323547363281 6.5477471351623535 0
      vertex 53.411323547363281 6.5477471351623535 46.187965393066406
    endloop
  endfacet
  facet normal -0.23219770004020077 -0.97266861165354823 -0
    outer loop
      vertex 52.055610656738281 6.8713860511779785 0
      vertex 53.411323547363281 6.5477471351623535 46.187965393066406
      vertex 52.055610656738281 6.8713860511779785 46.187965393066406
    endloop
  endfacet
  facet normal -0.25508926147010658 -0.96691750872690052 0
    outer loop
      vertex 53.411323547363281 6.5477471351623535 0
      vertex 54.755317687988281 6.193178653717041 0
      vertex 54.755317687988281 6.193178653717041 46.187965393066406
    endloop
  endfacet
  facet normal -0.25508926147010658 -0.96691750872690052 -0
    outer loop
      vertex 53.411323547363281 6.5477471351623535 0
      vertex 54.755317687988281 6.193178653717041 46.187965393066406
      vertex 53.411323547363281 6.5477471351623535 46.187965393066406
    endloop
  endfacet
  facet normal -0.27781046012645944 -0.96063590826302403 0
    outer loop
      vertex 54.755317687988281 6.193178653717041 0
      vertex 56.086372375488281 5.8082451820373535 0
      vertex 56.086372375488281 5.8082451820373535 46.187965393066406
    endloop
  endfacet
  facet normal -0.27781046012645944 -0.96063590826302403 -2.6086798620212584e-19
    outer loop
      vertex 54.755317687988281 6.193178653717041 0
      vertex 56.086372375488281 5.8082451820373535 46.187965393066406
      vertex 54.755317687988281 6.193178653717041 46.187965393066406
    endloop
  endfacet
  facet normal -0.30027247139479168 -0.95385347036243662 0
    outer loop
      vertex 56.086372375488281 5.8082451820373535 0
      vertex 57.403633117675781 5.3935723304748535 0
      vertex 57.403633117675781 5.3935723304748535 46.187965393066406
    endloop
  endfacet
  facet normal -0.30027247139479168 -0.95385347036243662 -0
    outer loop
      vertex 56.086372375488281 5.8082451820373535 0
      vertex 57.403633117675781 5.3935723304748535 46.187965393066406
      vertex 56.086372375488281 5.8082451820373535 46.187965393066406
    endloop
  endfacet
  facet normal -0.32250503542488546 -0.94656774830203971 0
    outer loop
      vertex 57.403633117675781 5.3935723304748535 0
      vertex 58.706123352050781 4.949800968170166 0
      vertex 58.706123352050781 4.949800968170166 46.187965393066406
    endloop
  endfacet
  facet normal -0.32250503542488546 -0.94656774830203971 -0
    outer loop
      vertex 57.403633117675781 5.3935723304748535 0
      vertex 58.706123352050781 4.949800968170166 46.187965393066406
      vertex 57.403633117675781 5.3935723304748535 46.187965393066406
    endloop
  endfacet
  facet normal -0.34451634491683986 -0.93878031939593898 0
    outer loop
      vertex 58.706123352050781 4.949800968170166 0
      vertex 59.992744445800781 4.477632999420166 0
      vertex 59.992744445800781 4.477632999420166 46.187965393066406
    endloop
  endfacet
  facet normal -0.34451634491683986 -0.93878031939593898 -0
    outer loop
      vertex 58.706123352050781 4.949800968170166 0
      vertex 59.992744445800781 4.477632999420166 46.187965393066406
      vertex 58.706123352050781 4.949800968170166 46.187965393066406
    endloop
  endfacet
  facet normal -0.36620159987408013 -0.93053553841304959 0
    outer loop
      vertex 59.992744445800781 4.477632999420166 0
      vertex 61.262763977050781 3.9778313636779785 0
      vertex 61.262763977050781 3.9778313636779785 46.187965393066406
    endloop
  endfacet
  facet normal -0.36620159987408013 -0.93053553841304959 -0
    outer loop
      vertex 59.992744445800781 4.477632999420166 0
      vertex 61.262763977050781 3.9778313636779785 46.187965393066406
      vertex 59.992744445800781 4.477632999420166 46.187965393066406
    endloop
  endfacet
  facet normal -0.3875921091294986 -0.92183098067950975 0
    outer loop
      vertex 61.262763977050781 3.9778313636779785 0
      vertex 62.515449523925781 3.4511284828186035 0
      vertex 62.515449523925781 3.4511284828186035 46.187965393066406
    endloop
  endfacet
  facet normal -0.3875921091294986 -0.92183098067950975 -0
    outer loop
      vertex 61.262763977050781 3.9778313636779785 0
      vertex 62.515449523925781 3.4511284828186035 46.187965393066406
      vertex 61.262763977050781 3.9778313636779785 46.187965393066406
    endloop
  endfacet
  facet normal -0.40871088203406969 -0.91266391125481283 0
    outer loop
      vertex 62.515449523925781 3.4511284828186035 0
      vertex 63.749824523925781 2.898348331451416 0
      vertex 63.749824523925781 2.898348331451416 46.187965393066406
    endloop
  endfacet
  facet normal -0.40871088203406969 -0.91266391125481283 -6.5576153264668313e-21
    outer loop
      vertex 62.515449523925781 3.4511284828186035 0
      vertex 63.749824523925781 2.898348331451416 46.187965393066406
      vertex 62.515449523925781 3.4511284828186035 46.187965393066406
    endloop
  endfacet
  facet normal -0.42952115154058845 -0.903056797980751 0
    outer loop
      vertex 63.749824523925781 2.898348331451416 0
      vertex 64.965156555175781 2.3202996253967285 0
      vertex 64.965156555175781 2.3202996253967285 46.187965393066406
    endloop
  endfacet
  facet normal -0.42952115154058845 -0.903056797980751 -0
    outer loop
      vertex 63.749824523925781 2.898348331451416 0
      vertex 64.965156555175781 2.3202996253967285 46.187965393066406
      vertex 63.749824523925781 2.898348331451416 46.187965393066406
    endloop
  endfacet
  facet normal -0.45000163245732511 -0.89302773237214883 0
    outer loop
      vertex 64.965156555175781 2.3202996253967285 0
      vertex 66.160713195800781 1.717851996421814 0
      vertex 66.160713195800781 1.717851996421814 46.187965393066406
    endloop
  endfacet
  facet normal -0.45000163245732511 -0.89302773237214883 4.8094642610859059e-22
    outer loop
      vertex 64.965156555175781 2.3202996253967285 0
      vertex 66.160713195800781 1.717851996421814 46.187965393066406
      vertex 64.965156555175781 2.3202996253967285 46.187965393066406
    endloop
  endfacet
  facet normal -0.4701022501583389 -0.88261196139417164 0
    outer loop
      vertex 66.160713195800781 1.717851996421814 0
      vertex 67.336006164550781 1.0918601751327515 0
      vertex 67.336006164550781 1.0918601751327515 46.187965393066406
    endloop
  endfacet
  facet normal -0.4701022501583389 -0.88261196139417164 -0
    outer loop
      vertex 66.160713195800781 1.717851996421814 0
      vertex 67.336006164550781 1.0918601751327515 46.187965393066406
      vertex 66.160713195800781 1.717851996421814 46.187965393066406
    endloop
  endfacet
  facet normal -0.48987596467748229 -0.87179214221699997 0
    outer loop
      vertex 67.336006164550781 1.0918601751327515 0
      vertex 68.490303039550781 0.44323962926864624 0
      vertex 68.490303039550781 0.44323962926864624 46.187965393066406
    endloop
  endfacet
  facet normal -0.48987596467748229 -0.87179214221699997 9.1317743472197453e-19
    outer loop
      vertex 67.336006164550781 1.0918601751327515 0
      vertex 68.490303039550781 0.44323962926864624 46.187965393066406
      vertex 67.336006164550781 1.0918601751327515 46.187965393066406
    endloop
  endfacet
  facet normal -0.50926974113262069 -0.86060695486773375 0
    outer loop
      vertex 68.490303039550781 0.44323962926864624 0
      vertex 69.623115539550781 -0.22710950672626495 0
      vertex 69.623115539550781 -0.22710950672626495 46.187965393066406
    endloop
  endfacet
  facet normal -0.50926974113262069 -0.86060695486773375 -0
    outer loop
      vertex 68.490303039550781 0.44323962926864624 0
      vertex 69.623115539550781 -0.22710950672626495 46.187965393066406
      vertex 68.490303039550781 0.44323962926864624 46.187965393066406
    endloop
  endfacet
  facet normal -0.52833719354086794 -0.84903463411180091 0
    outer loop
      vertex 69.623115539550781 -0.22710950672626495 0
      vertex 70.733833312988281 -0.91828685998916626 0
      vertex 70.733833312988281 -0.91828685998916626 46.187965393066406
    endloop
  endfacet
  facet normal -0.52833719354086794 -0.84903463411180091 -0
    outer loop
      vertex 69.623115539550781 -0.22710950672626495 0
      vertex 70.733833312988281 -0.91828685998916626 46.187965393066406
      vertex 69.623115539550781 -0.22710950672626495 46.187965393066406
    endloop
  endfacet
  facet normal -0.5470102637412062 -0.83712589934953974 0
    outer loop
      vertex 70.733833312988281 -0.91828685998916626 0
      vertex 71.821968078613281 -1.629315972328186 0
      vertex 71.821968078613281 -1.629315972328186 46.187965393066406
    endloop
  endfacet
  facet normal -0.5470102637412062 -0.83712589934953974 -0
    outer loop
      vertex 70.733833312988281 -0.91828685998916626 0
      vertex 71.821968078613281 -1.629315972328186 46.187965393066406
      vertex 70.733833312988281 -0.91828685998916626 46.187965393066406
    endloop
  endfacet
  facet normal -0.56525639256868843 -0.82491527483750282 0
    outer loop
      vertex 71.821968078613281 -1.629315972328186 0
      vertex 72.887275695800781 -2.3592963218688965 0
      vertex 72.887275695800781 -2.3592963218688965 46.187965393066406
    endloop
  endfacet
  facet normal -0.56525639256868843 -0.82491527483750282 -0
    outer loop
      vertex 71.821968078613281 -1.629315972328186 0
      vertex 72.887275695800781 -2.3592963218688965 46.187965393066406
      vertex 71.821968078613281 -1.629315972328186 46.187965393066406
    endloop
  endfacet
  facet normal -0.5831790035938027 -0.81234367712646061 0
    outer loop
      vertex 72.887275695800781 -2.3592963218688965 0
      vertex 73.929145812988281 -3.1072516441345215 0
      vertex 73.929145812988281 -3.1072516441345215 46.187965393066406
    endloop
  endfacet
  facet normal -0.5831790035938027 -0.81234367712646061 -0
    outer loop
      vertex 72.887275695800781 -2.3592963218688965 0
      vertex 73.929145812988281 -3.1072516441345215 46.187965393066406
      vertex 72.887275695800781 -2.3592963218688965 46.187965393066406
    endloop
  endfacet
  facet normal -0.60064386599629749 -0.79951669541106019 0
    outer loop
      vertex 73.929145812988281 -3.1072516441345215 0
      vertex 74.947456359863281 -3.8722662925720215 0
      vertex 74.947456359863281 -3.8722662925720215 46.187965393066406
    endloop
  endfacet
  facet normal -0.60064386599629749 -0.79951669541106019 -0
    outer loop
      vertex 73.929145812988281 -3.1072516441345215 0
      vertex 74.947456359863281 -3.8722662925720215 46.187965393066406
      vertex 73.929145812988281 -3.1072516441345215 46.187965393066406
    endloop
  endfacet
  facet normal -0.6177138919694376 -0.78640291687402197 0
    outer loop
      vertex 74.947456359863281 -3.8722662925720215 0
      vertex 75.941841125488281 -4.653348445892334 0
      vertex 75.941841125488281 -4.653348445892334 46.187965393066406
    endloop
  endfacet
  facet normal -0.6177138919694376 -0.78640291687402197 -0
    outer loop
      vertex 74.947456359863281 -3.8722662925720215 0
      vertex 75.941841125488281 -4.653348445892334 46.187965393066406
      vertex 74.947456359863281 -3.8722662925720215 46.187965393066406
    endloop
  endfacet
  facet normal -0.63440025633202024 -0.77300473139940551 0
    outer loop
      vertex 75.941841125488281 -4.653348445892334 0
      vertex 76.912055969238281 -5.4495978355407715 0
      vertex 76.912055969238281 -5.4495978355407715 46.187965393066406
    endloop
  endfacet
  facet normal -0.63440025633202024 -0.77300473139940551 -0
    outer loop
      vertex 75.941841125488281 -4.653348445892334 0
      vertex 76.912055969238281 -5.4495978355407715 46.187965393066406
      vertex 75.941841125488281 -4.653348445892334 46.187965393066406
    endloop
  endfacet
  facet normal -0.65067736150727484 -0.75935431204539239 0
    outer loop
      vertex 76.912055969238281 -5.4495978355407715 0
      vertex 77.857856750488281 -6.260037899017334 0
      vertex 77.857856750488281 -6.260037899017334 46.187965393066406
    endloop
  endfacet
  facet normal -0.65067736150727484 -0.75935431204539239 -0
    outer loop
      vertex 76.912055969238281 -5.4495978355407715 0
      vertex 77.857856750488281 -6.260037899017334 46.187965393066406
      vertex 76.912055969238281 -5.4495978355407715 46.187965393066406
    endloop
  endfacet
  facet normal -0.66653676384031302 -0.74547216074732303 0
    outer loop
      vertex 77.857856750488281 -6.260037899017334 0
      vertex 78.779121398925781 -7.0837531089782715 0
      vertex 78.779121398925781 -7.0837531089782715 46.187965393066406
    endloop
  endfacet
  facet normal -0.66653676384031302 -0.74547216074732303 -0
    outer loop
      vertex 77.857856750488281 -6.260037899017334 0
      vertex 78.779121398925781 -7.0837531089782715 46.187965393066406
      vertex 77.857856750488281 -6.260037899017334 46.187965393066406
    endloop
  endfacet
  facet normal 1 0 -0
    outer loop
      vertex 78.779121398925781 -7.0837531089782715 0
      vertex 78.779121398925781 -0.52062755823135376 0
      vertex 78.779121398925781 -0.52062755823135376 46.187965393066406
    endloop
  endfacet
  facet normal 1 -0 0
    outer loop
      vertex 78.779121398925781 -7.0837531089782715 0
      vertex 78.779121398925781 -0.52062755823135376 46.187965393066406
      vertex 78.779121398925781 -7.0837531089782715 46.187965393066406
    endloop
  endfacet
  facet normal 0.61394317207780424 0.78935022737631733 -0
    outer loop
      vertex 78.779121398925781 -0.52062755823135376 0
      vertex 77.804267883300781 0.23759691417217255 0
      vertex 77.804267883300781 0.23759691417217255 46.187965393066406
    endloop
  endfacet
  facet normal 0.61394317207780424 0.78935022737631733 0
    outer loop
      vertex 78.779121398925781 -0.52062755823135376 0
      vertex 77.804267883300781 0.23759691417217255 46.187965393066406
      vertex 78.779121398925781 -0.52062755823135376 46.187965393066406
    endloop
  endfacet
  facet normal 0.59855340586836581 0.80108290477539179 -0
    outer loop
      vertex 77.804267883300781 0.23759691417217255 0
      vertex 76.808540344238281 0.98158496618270874 0
      vertex 76.808540344238281 0.98158496618270874 46.187965393066406
    endloop
  endfacet
  facet normal 0.59855340586836581 0.80108290477539179 0
    outer loop
      vertex 77.804267883300781 0.23759691417217255 0
      vertex 76.808540344238281 0.98158496618270874 46.187965393066406
      vertex 77.804267883300781 0.23759691417217255 46.187965393066406
    endloop
  endfacet
  facet normal 0.58278913242256158 0.81262342270584209 -0
    outer loop
      vertex 76.808540344238281 0.98158496618270874 0
      vertex 75.792060852050781 1.7105735540390015 0
      vertex 75.792060852050781 1.7105735540390015 46.187965393066406
    endloop
  endfacet
  facet normal 0.5827891324225617 0.81262342270584231 6.5105452370282775e-19
    outer loop
      vertex 76.808540344238281 0.98158496618270874 0
      vertex 75.792060852050781 1.7105735540390015 46.187965393066406
      vertex 76.808540344238281 0.98158496618270874 46.187965393066406
    endloop
  endfacet
  facet normal 0.56671410227894925 0.82391451393828752 -0
    outer loop
      vertex 75.792060852050781 1.7105735540390015 0
      vertex 74.755073547363281 2.4238457679748535 0
      vertex 74.755073547363281 2.4238457679748535 46.187965393066406
    endloop
  endfacet
  facet normal 0.56671410227894925 0.82391451393828752 1.8834616517663625e-19
    outer loop
      vertex 75.792060852050781 1.7105735540390015 0
      vertex 74.755073547363281 2.4238457679748535 46.187965393066406
      vertex 75.792060852050781 1.7105735540390015 46.187965393066406
    endloop
  endfacet
  facet normal 0.55033169352650335 0.83494612227391718 -0
    outer loop
      vertex 74.755073547363281 2.4238457679748535 0
      vertex 73.697944641113281 3.1206231117248535 0
      vertex 73.697944641113281 3.1206231117248535 46.187965393066406
    endloop
  endfacet
  facet normal 0.55033169352650335 0.83494612227391718 0
    outer loop
      vertex 74.755073547363281 2.4238457679748535 0
      vertex 73.697944641113281 3.1206231117248535 46.187965393066406
      vertex 74.755073547363281 2.4238457679748535 46.187965393066406
    endloop
  endfacet
  facet normal 0.53362148030068224 0.84572342746414941 -0
    outer loop
      vertex 73.697944641113281 3.1206231117248535 0
      vertex 72.620918273925781 3.8001885414123535 0
      vertex 72.620918273925781 3.8001885414123535 46.187965393066406
    endloop
  endfacet
  facet normal 0.53362148030068224 0.84572342746414941 0
    outer loop
      vertex 73.697944641113281 3.1206231117248535 0
      vertex 72.620918273925781 3.8001885414123535 46.187965393066406
      vertex 73.697944641113281 3.1206231117248535 46.187965393066406
    endloop
  endfacet
  facet normal 0.51663544998241373 0.85620547289857285 -0
    outer loop
      vertex 72.620918273925781 3.8001885414123535 0
      vertex 71.524482727050781 4.4617791175842285 0
      vertex 71.524482727050781 4.4617791175842285 46.187965393066406
    endloop
  endfacet
  facet normal 0.51663544998241373 0.85620547289857285 0
    outer loop
      vertex 72.620918273925781 3.8001885414123535 0
      vertex 71.524482727050781 4.4617791175842285 46.187965393066406
      vertex 72.620918273925781 3.8001885414123535 46.187965393066406
    endloop
  endfacet
  facet normal 0.49934552112160641 0.86640293774651489 -0
    outer loop
      vertex 71.524482727050781 4.4617791175842285 0
      vertex 70.409004211425781 5.104677677154541 0
      vertex 70.409004211425781 5.104677677154541 46.187965393066406
    endloop
  endfacet
  facet normal 0.49934552112160641 0.86640293774651489 -2.157824402210207e-20
    outer loop
      vertex 71.524482727050781 4.4617791175842285 0
      vertex 70.409004211425781 5.104677677154541 46.187965393066406
      vertex 71.524482727050781 4.4617791175842285 46.187965393066406
    endloop
  endfacet
  facet normal 0.48170332321694742 0.87633435879334831 -0
    outer loop
      vertex 70.409004211425781 5.104677677154541 0
      vertex 69.274726867675781 5.7281670570373535 0
      vertex 69.274726867675781 5.7281670570373535 46.187965393066406
    endloop
  endfacet
  facet normal 0.48170332321694742 0.87633435879334831 8.972755584777455e-19
    outer loop
      vertex 70.409004211425781 5.104677677154541 0
      vertex 69.274726867675781 5.7281670570373535 46.187965393066406
      vertex 70.409004211425781 5.104677677154541 46.187965393066406
    endloop
  endfacet
  facet normal 0.46385882957714752 0.88590912977760816 -0
    outer loop
      vertex 69.274726867675781 5.7281670570373535 0
      vertex 68.122383117675781 6.3315300941467285 0
      vertex 68.122383117675781 6.3315300941467285 46.187965393066406
    endloop
  endfacet
  facet normal 0.46385882957714752 0.88590912977760816 0
    outer loop
      vertex 69.274726867675781 5.7281670570373535 0
      vertex 68.122383117675781 6.3315300941467285 46.187965393066406
      vertex 69.274726867675781 5.7281670570373535 46.187965393066406
    endloop
  endfacet
  facet normal 0.44565335655430716 0.89520561090281336 -0
    outer loop
      vertex 68.122383117675781 6.3315300941467285 0
      vertex 66.952217102050781 6.914064884185791 0
      vertex 66.952217102050781 6.914064884185791 46.187965393066406
    endloop
  endfacet
  facet normal 0.44565335655430716 0.89520561090281336 2.7891916458010601e-19
    outer loop
      vertex 68.122383117675781 6.3315300941467285 0
      vertex 66.952217102050781 6.914064884185791 46.187965393066406
      vertex 68.122383117675781 6.3315300941467285 46.187965393066406
    endloop
  endfacet
  facet normal 0.42721108385080181 0.9041519174536008 -0
    outer loop
      vertex 66.952217102050781 6.914064884185791 0
      vertex 65.764839172363281 7.475100040435791 0
      vertex 65.764839172363281 7.475100040435791 46.187965393066406
    endloop
  endfacet
  facet normal 0.42721108385080181 0.9041519174536008 -1.138444681297026e-19
    outer loop
      vertex 66.952217102050781 6.914064884185791 0
      vertex 65.764839172363281 7.475100040435791 46.187965393066406
      vertex 66.952217102050781 6.914064884185791 46.187965393066406
    endloop
  endfacet
  facet normal 0.40853368517166427 0.91274324323988265 -0
    outer loop
      vertex 65.764839172363281 7.475100040435791 0
      vertex 64.560981750488281 8.0139331817626953 0
      vertex 64.560981750488281 8.0139331817626953 46.187965393066406
    endloop
  endfacet
  facet normal 0.40853368517166427 0.91274324323988265 0
    outer loop
      vertex 65.764839172363281 7.475100040435791 0
      vertex 64.560981750488281 8.0139331817626953 46.187965393066406
      vertex 65.764839172363281 7.475100040435791 46.187965393066406
    endloop
  endfacet
  facet normal 0.38952049595513466 0.92101779745608925 -0
    outer loop
      vertex 64.560981750488281 8.0139331817626953 0
      vertex 63.340888977050781 8.5299396514892578 0
      vertex 63.340888977050781 8.5299396514892578 46.187965393066406
    endloop
  endfacet
  facet normal 0.38952049595513466 0.92101779745608925 0
    outer loop
      vertex 64.560981750488281 8.0139331817626953 0
      vertex 63.340888977050781 8.5299396514892578 46.187965393066406
      vertex 64.560981750488281 8.0139331817626953 46.187965393066406
    endloop
  endfacet
  facet normal 0.37035189784155564 0.92889152852481005 -0
    outer loop
      vertex 63.340888977050781 8.5299396514892578 0
      vertex 62.105537414550781 9.0224781036376953 0
      vertex 62.105537414550781 9.0224781036376953 46.187965393066406
    endloop
  endfacet
  facet normal 0.37035189784155564 0.92889152852481005 0
    outer loop
      vertex 63.340888977050781 8.5299396514892578 0
      vertex 62.105537414550781 9.0224781036376953 46.187965393066406
      vertex 63.340888977050781 8.5299396514892578 46.187965393066406
    endloop
  endfacet
  facet normal 0.35087293667022706 0.93642307869488706 -0
    outer loop
      vertex 62.105537414550781 9.0224781036376953 0
      vertex 60.855293273925781 9.4909381866455078 0
      vertex 60.855293273925781 9.4909381866455078 46.187965393066406
    endloop
  endfacet
  facet normal 0.35087293667022706 0.93642307869488706 0
    outer loop
      vertex 62.105537414550781 9.0224781036376953 0
      vertex 60.855293273925781 9.4909381866455078 46.187965393066406
      vertex 62.105537414550781 9.0224781036376953 46.187965393066406
    endloop
  endfacet
  facet normal 0.33120653934339628 0.94355828028594557 -0
    outer loop
      vertex 60.855293273925781 9.4909381866455078 0
      vertex 59.591011047363281 9.9347248077392578 0
      vertex 59.591011047363281 9.9347248077392578 46.187965393066406
    endloop
  endfacet
  facet normal 0.33120653934339628 0.94355828028594557 0
    outer loop
      vertex 60.855293273925781 9.4909381866455078 0
      vertex 59.591011047363281 9.9347248077392578 46.187965393066406
      vertex 60.855293273925781 9.4909381866455078 46.187965393066406
    endloop
  endfacet
  facet normal 0.31133746555792674 0.9502994173101269 -0
    outer loop
      vertex 59.591011047363281 9.9347248077392578 0
      vertex 58.313423156738281 10.353288650512695 0
      vertex 58.313423156738281 10.353288650512695 46.187965393066406
    endloop
  endfacet
  facet normal 0.31133746555792674 0.9502994173101269 -7.1947529609567476e-19
    outer loop
      vertex 59.591011047363281 9.9347248077392578 0
      vertex 58.313423156738281 10.353288650512695 46.187965393066406
      vertex 59.591011047363281 9.9347248077392578 46.187965393066406
    endloop
  endfacet
  facet normal 0.29122734192961341 0.95665387435195826 -0
    outer loop
      vertex 58.313423156738281 10.353288650512695 0
      vertex 57.023139953613281 10.74608039855957 0
      vertex 57.023139953613281 10.74608039855957 46.187965393066406
    endloop
  endfacet
  facet normal 0.29122734192961341 0.95665387435195826 0
    outer loop
      vertex 58.313423156738281 10.353288650512695 0
      vertex 57.023139953613281 10.74608039855957 46.187965393066406
      vertex 58.313423156738281 10.353288650512695 46.187965393066406
    endloop
  endfacet
  facet normal 0.27094679484091172 0.96259432491856955 -0
    outer loop
      vertex 57.023139953613281 10.74608039855957 0
      vertex 55.721015930175781 11.11259651184082 0
      vertex 55.721015930175781 11.11259651184082 46.187965393066406
    endloop
  endfacet
  facet normal 0.27094679484091172 0.96259432491856955 0
    outer loop
      vertex 57.023139953613281 10.74608039855957 0
      vertex 55.721015930175781 11.11259651184082 46.187965393066406
      vertex 57.023139953613281 10.74608039855957 46.187965393066406
    endloop
  endfacet
  facet normal 0.25048898385871693 0.96811944974028263 -0
    outer loop
      vertex 55.721015930175781 11.11259651184082 0
      vertex 54.407783508300781 11.45237922668457 0
      vertex 54.407783508300781 11.45237922668457 46.187965393066406
    endloop
  endfacet
  facet normal 0.25048898385871693 0.96811944974028263 0
    outer loop
      vertex 55.721015930175781 11.11259651184082 0
      vertex 54.407783508300781 11.45237922668457 46.187965393066406
      vertex 55.721015930175781 11.11259651184082 46.187965393066406
    endloop
  endfacet
  facet normal 0.22987299081012305 0.97322063690409333 -0
    outer loop
      vertex 54.407783508300781 11.45237922668457 0
      vertex 53.084419250488281 11.764955520629883 0
      vertex 53.084419250488281 11.764955520629883 46.187965393066406
    endloop
  endfacet
  facet normal 0.22987299081012305 0.97322063690409333 0
    outer loop
      vertex 54.407783508300781 11.45237922668457 0
      vertex 53.084419250488281 11.764955520629883 46.187965393066406
      vertex 54.407783508300781 11.45237922668457 46.187965393066406
    endloop
  endfacet
  facet normal 0.20906575796086824 0.97790158443896991 -0
    outer loop
      vertex 53.084419250488281 11.764955520629883 0
      vertex 51.751533508300781 12.04991340637207 0
      vertex 51.751533508300781 12.04991340637207 46.187965393066406
    endloop
  endfacet
  facet normal 0.20906575796086824 0.97790158443896991 0
    outer loop
      vertex 53.084419250488281 11.764955520629883 0
      vertex 51.751533508300781 12.04991340637207 46.187965393066406
      vertex 53.084419250488281 11.764955520629883 46.187965393066406
    endloop
  endfacet
  facet normal 0.18815619064906522 0.98213911841471446 -0
    outer loop
      vertex 51.751533508300781 12.04991340637207 0
      vertex 50.410102844238281 12.306901931762695 0
      vertex 50.410102844238281 12.306901931762695 46.187965393066406
    endloop
  endfacet
  facet normal 0.18815619064906522 0.98213911841471446 4.357114810256622e-19
    outer loop
      vertex 51.751533508300781 12.04991340637207 0
      vertex 50.410102844238281 12.306901931762695 46.187965393066406
      vertex 51.751533508300781 12.04991340637207 46.187965393066406
    endloop
  endfacet
  facet normal 0.16708912268280124 0.98594179599056031 -0
    outer loop
      vertex 50.410102844238281 12.306901931762695 0
      vertex 49.060981750488281 12.535539627075195 0
      vertex 49.060981750488281 12.535539627075195 46.187965393066406
    endloop
  endfacet
  facet normal 0.16708912268280124 0.98594179599056031 -5.4502831319410605e-19
    outer loop
      vertex 50.410102844238281 12.306901931762695 0
      vertex 49.060981750488281 12.535539627075195 46.187965393066406
      vertex 50.410102844238281 12.306901931762695 46.187965393066406
    endloop
  endfacet
  facet normal 0.14594015212180092 0.98929342057787173 -0
    outer loop
      vertex 49.060981750488281 12.535539627075195 0
      vertex 47.705146789550781 12.735551834106445 0
      vertex 47.705146789550781 12.735551834106445 46.187965393066406
    endloop
  endfacet
  facet normal 0.14594015212180092 0.98929342057787173 0
    outer loop
      vertex 49.060981750488281 12.535539627075195 0
      vertex 47.705146789550781 12.735551834106445 46.187965393066406
      vertex 49.060981750488281 12.535539627075195 46.187965393066406
    endloop
  endfacet
  facet normal 0.12466959352278217 0.99219831306592332 -0
    outer loop
      vertex 47.705146789550781 12.735551834106445 0
      vertex 46.343330383300781 12.90666389465332 0
      vertex 46.343330383300781 12.90666389465332 46.187965393066406
    endloop
  endfacet
  facet normal 0.12466959352278217 0.99219831306592332 -1.4263298760374429e-19
    outer loop
      vertex 47.705146789550781 12.735551834106445 0
      vertex 46.343330383300781 12.90666389465332 46.187965393066406
      vertex 47.705146789550781 12.735551834106445 46.187965393066406
    endloop
  endfacet
  facet normal 0.10332045057655252 0.99464812094160115 -0
    outer loop
      vertex 46.343330383300781 12.90666389465332 0
      vertex 44.976631164550781 13.04863166809082 0
      vertex 44.976631164550781 13.04863166809082 46.187965393066406
    endloop
  endfacet
  facet normal 0.10332045057655252 0.99464812094160115 4.0994952868198503e-20
    outer loop
      vertex 46.343330383300781 12.90666389465332 0
      vertex 44.976631164550781 13.04863166809082 46.187965393066406
      vertex 46.343330383300781 12.90666389465332 46.187965393066406
    endloop
  endfacet
  facet normal 0.081917821320976442 0.99663908740828766 -0
    outer loop
      vertex 44.976631164550781 13.04863166809082 0
      vertex 43.606025695800781 13.161287307739258 0
      vertex 43.606025695800781 13.161287307739258 46.187965393066406
    endloop
  endfacet
  facet normal 0.081917821320976442 0.99663908740828766 0
    outer loop
      vertex 44.976631164550781 13.04863166809082 0
      vertex 43.606025695800781 13.161287307739258 46.187965393066406
      vertex 44.976631164550781 13.04863166809082 46.187965393066406
    endloop
  endfacet
  facet normal 0.060434473086485828 0.99817216674417386 -0
    outer loop
      vertex 43.606025695800781 13.161287307739258 0
      vertex 42.232246398925781 13.244462966918945 0
      vertex 42.232246398925781 13.244462966918945 46.187965393066406
    endloop
  endfacet
  facet normal 0.060434473086485828 0.99817216674417386 0
    outer loop
      vertex 43.606025695800781 13.161287307739258 0
      vertex 42.232246398925781 13.244462966918945 46.187965393066406
      vertex 43.606025695800781 13.161287307739258 46.187965393066406
    endloop
  endfacet
  facet normal 0.038920005560556595 0.99924232955132886 -0
    outer loop
      vertex 42.232246398925781 13.244462966918945 0
      vertex 40.856391906738281 13.298051834106445 0
      vertex 40.856391906738281 13.298051834106445 46.187965393066406
    endloop
  endfacet
  facet normal 0.038920005560556595 0.99924232955132886 0
    outer loop
      vertex 42.232246398925781 13.244462966918945 0
      vertex 40.856391906738281 13.298051834106445 46.187965393066406
      vertex 42.232246398925781 13.244462966918945 46.187965393066406
    endloop
  endfacet
  facet normal 0.017382800020038478 0.99984890771729285 -0
    outer loop
      vertex 40.856391906738281 13.298051834106445 0
      vertex 39.479316711425781 13.321992874145508 0
      vertex 39.479316711425781 13.321992874145508 46.187965393066406
    endloop
  endfacet
  facet normal 0.017382800020038478 0.99984890771729285 0
    outer loop
      vertex 40.856391906738281 13.298051834106445 0
      vertex 39.479316711425781 13.321992874145508 46.187965393066406
      vertex 40.856391906738281 13.298051834106445 46.187965393066406
    endloop
  endfacet
  facet normal -0.0041658918776666214 0.99999132263478341 -0
    outer loop
      vertex 39.479316711425781 13.321992874145508 0
      vertex 38.102119445800781 13.316255569458008 0
      vertex 38.102119445800781 13.316255569458008 46.187965393066406
    endloop
  endfacet
  facet normal -0.0041658918776666214 0.99999132263478341 0
    outer loop
      vertex 39.479316711425781 13.321992874145508 0
      vertex 38.102119445800781 13.316255569458008 46.187965393066406
      vertex 39.479316711425781 13.321992874145508 46.187965393066406
    endloop
  endfacet
  facet normal -0.025709838574463219 0.99966944746774922 -0
    outer loop
      vertex 38.102119445800781 13.316255569458008 0
      vertex 36.725654602050781 13.280855178833008 0
      vertex 36.725654602050781 13.280855178833008 46.187965393066406
    endloop
  endfacet
  facet normal -0.025709838574463219 0.99966944746774922 0
    outer loop
      vertex 38.102119445800781 13.316255569458008 0
      vertex 36.725654602050781 13.280855178833008 46.187965393066406
      vertex 38.102119445800781 13.316255569458008 46.187965393066406
    endloop
  endfacet
  facet normal -0.04724119430974235 0.99888351150681687 -0
    outer loop
      vertex 36.725654602050781 13.280855178833008 0
      vertex 35.350898742675781 13.215837478637695 0
      vertex 35.350898742675781 13.215837478637695 46.187965393066406
    endloop
  endfacet
  facet normal -0.04724119430974235 0.99888351150681687 0
    outer loop
      vertex 36.725654602050781 13.280855178833008 0
      vertex 35.350898742675781 13.215837478637695 46.187965393066406
      vertex 36.725654602050781 13.280855178833008 46.187965393066406
    endloop
  endfacet
  facet normal -0.068720607665013478 0.99763594466225569 -0
    outer loop
      vertex 35.350898742675781 13.215837478637695 0
      vertex 33.978828430175781 13.12132453918457 0
      vertex 33.978828430175781 13.12132453918457 46.187965393066406
    endloop
  endfacet
  facet normal -0.068720607665013478 0.99763594466225569 0
    outer loop
      vertex 35.350898742675781 13.215837478637695 0
      vertex 33.978828430175781 13.12132453918457 46.187965393066406
      vertex 35.350898742675781 13.215837478637695 46.187965393066406
    endloop
  endfacet
  facet normal -0.090175272053566943 0.99592591105466544 -0
    outer loop
      vertex 33.978828430175781 13.12132453918457 0
      vertex 32.610420227050781 12.99742317199707 0
      vertex 32.610420227050781 12.99742317199707 46.187965393066406
    endloop
  endfacet
  facet normal -0.090175272053566943 0.99592591105466544 2.6385199091812138e-19
    outer loop
      vertex 33.978828430175781 13.12132453918457 0
      vertex 32.610420227050781 12.99742317199707 46.187965393066406
      vertex 33.978828430175781 13.12132453918457 46.187965393066406
    endloop
  endfacet
  facet normal -0.11154539415372859 0.99375933960043317 -0
    outer loop
      vertex 32.610420227050781 12.99742317199707 0
      vertex 31.246526718139648 12.844331741333008 0
      vertex 31.246526718139648 12.844331741333008 46.187965393066406
    endloop
  endfacet
  facet normal -0.11154539415372859 0.99375933960043317 -1.3989789652329072e-20
    outer loop
      vertex 32.610420227050781 12.99742317199707 0
      vertex 31.246526718139648 12.844331741333008 46.187965393066406
      vertex 32.610420227050781 12.99742317199707 46.187965393066406
    endloop
  endfacet
  facet normal -0.13285429619368652 0.99113557901171123 -0
    outer loop
      vertex 31.246526718139648 12.844331741333008 0
      vertex 29.888128280639648 12.662248611450195 0
      vertex 29.888128280639648 12.662248611450195 46.187965393066406
    endloop
  endfacet
  facet normal -0.13285429619368652 0.99113557901171123 -1.4856160684250529e-19
    outer loop
      vertex 31.246526718139648 12.844331741333008 0
      vertex 29.888128280639648 12.662248611450195 46.187965393066406
      vertex 31.246526718139648 12.844331741333008 46.187965393066406
    endloop
  endfacet
  facet normal -0.15405031602200436 0.98806300413157888 -0
    outer loop
      vertex 29.888128280639648 12.662248611450195 0
      vertex 28.536077499389648 12.451448440551758 0
      vertex 28.536077499389648 12.451448440551758 46.187965393066406
    endloop
  endfacet
  facet normal -0.15405031602200436 0.98806300413157888 -8.8385584495370006e-20
    outer loop
      vertex 29.888128280639648 12.662248611450195 0
      vertex 28.536077499389648 12.451448440551758 46.187965393066406
      vertex 29.888128280639648 12.662248611450195 46.187965393066406
    endloop
  endfacet
  facet normal -0.17516570484705332 0.98453896613868719 0
    outer loop
      vertex 28.536077499389648 12.451448440551758 0
      vertex 27.191473007202148 12.212221145629883 0
      vertex 27.191473007202148 12.212221145629883 46.187965393066406
    endloop
  endfacet
  facet normal -0.17516570484705332 0.98453896613868719 0
    outer loop
      vertex 28.536077499389648 12.451448440551758 0
      vertex 27.191473007202148 12.212221145629883 46.187965393066406
      vertex 28.536077499389648 12.451448440551758 46.187965393066406
    endloop
  endfacet
  facet normal -0.19612259370178287 0.98057938395608002 -0
    outer loop
      vertex 27.191473007202148 12.212221145629883 0
      vertex 25.854925155639648 11.944902420043945 0
      vertex 25.854925155639648 11.944902420043945 46.187965393066406
    endloop
  endfacet
  facet normal -0.19612259370178287 0.98057938395608002 0
    outer loop
      vertex 27.191473007202148 12.212221145629883 0
      vertex 25.854925155639648 11.944902420043945 46.187965393066406
      vertex 27.191473007202148 12.212221145629883 46.187965393066406
    endloop
  endfacet
  facet normal -0.21696966318380881 0.97617834705442241 -0
    outer loop
      vertex 25.854925155639648 11.944902420043945 0
      vertex 24.527410507202148 11.649843215942383 0
      vertex 24.527410507202148 11.649843215942383 46.187965393066406
    endloop
  endfacet
  facet normal -0.21696966318380881 0.97617834705442241 0
    outer loop
      vertex 25.854925155639648 11.944902420043945 0
      vertex 24.527410507202148 11.649843215942383 46.187965393066406
      vertex 25.854925155639648 11.944902420043945 46.187965393066406
    endloop
  endfacet
  facet normal -0.23768331964765568 0.97134269934007866 -0
    outer loop
      vertex 24.527410507202148 11.649843215942383 0
      vertex 23.209905624389648 11.327455520629883 0
      vertex 23.209905624389648 11.327455520629883 46.187965393066406
    endloop
  endfacet
  facet normal -0.23768331964765568 0.97134269934007866 0
    outer loop
      vertex 24.527410507202148 11.649843215942383 0
      vertex 23.209905624389648 11.327455520629883 46.187965393066406
      vertex 24.527410507202148 11.649843215942383 46.187965393066406
    endloop
  endfacet
  facet normal -0.25820530277235015 0.96609006910341388 -0
    outer loop
      vertex 23.209905624389648 11.327455520629883 0
      vertex 21.903020858764648 10.978166580200195 0
      vertex 21.903020858764648 10.978166580200195 46.187965393066406
    endloop
  endfacet
  facet normal -0.25820530277235015 0.96609006910341388 0
    outer loop
      vertex 23.209905624389648 11.327455520629883 0
      vertex 21.903020858764648 10.978166580200195 46.187965393066406
      vertex 23.209905624389648 11.327455520629883 46.187965393066406
    endloop
  endfacet
  facet normal -0.27854699046177267 0.96042260182936612 -0
    outer loop
      vertex 21.903020858764648 10.978166580200195 0
      vertex 20.607610702514648 10.60246467590332 0
      vertex 20.607610702514648 10.60246467590332 46.187965393066406
    endloop
  endfacet
  facet normal -0.27854699046177267 0.96042260182936612 -1.6267658991667039e-18
    outer loop
      vertex 21.903020858764648 10.978166580200195 0
      vertex 20.607610702514648 10.60246467590332 46.187965393066406
      vertex 21.903020858764648 10.978166580200195 46.187965393066406
    endloop
  endfacet
  facet normal -0.29873506774454917 0.9543360829915527 0
    outer loop
      vertex 20.607610702514648 10.60246467590332 0
      vertex 19.324529647827148 10.200822830200195 0
      vertex 19.324529647827148 10.200822830200195 46.187965393066406
    endloop
  endfacet
  facet normal -0.29873506774454917 0.9543360829915527 0
    outer loop
      vertex 20.607610702514648 10.60246467590332 0
      vertex 19.324529647827148 10.200822830200195 46.187965393066406
      vertex 20.607610702514648 10.60246467590332 46.187965393066406
    endloop
  endfacet
  facet normal -0.31870701062592077 0.94785328051227891 0
    outer loop
      vertex 19.324529647827148 10.200822830200195 0
      vertex 18.054510116577148 9.7737903594970703 0
      vertex 18.054510116577148 9.7737903594970703 46.187965393066406
    endloop
  endfacet
  facet normal -0.31870701062592077 0.94785328051227891 0
    outer loop
      vertex 19.324529647827148 10.200822830200195 0
      vertex 18.054510116577148 9.7737903594970703 46.187965393066406
      vertex 19.324529647827148 10.200822830200195 46.187965393066406
    endloop
  endfacet
  facet normal -0.33849604924910914 0.94096781275596486 -0
    outer loop
      vertex 18.054510116577148 9.7737903594970703 0
      vertex 16.798284530639648 9.3218860626220703 0
      vertex 16.798284530639648 9.3218860626220703 46.187965393066406
    endloop
  endfacet
  facet normal -0.33849604924910909 0.94096781275596486 0
    outer loop
      vertex 18.054510116577148 9.7737903594970703 0
      vertex 16.798284530639648 9.3218860626220703 46.187965393066406
      vertex 18.054510116577148 9.7737903594970703 46.187965393066406
    endloop
  endfacet
  facet normal -0.35802403673172317 0.93371236958836623 -0
    outer loop
      vertex 16.798284530639648 9.3218860626220703 0
      vertex 15.556463241577148 8.8457202911376953 0
      vertex 15.556463241577148 8.8457202911376953 46.187965393066406
    endloop
  endfacet
  facet normal -0.35802403673172317 0.93371236958836623 0
    outer loop
      vertex 16.798284530639648 9.3218860626220703 0
      vertex 15.556463241577148 8.8457202911376953 46.187965393066406
      vertex 16.798284530639648 9.3218860626220703 46.187965393066406
    endloop
  endfacet
  facet normal -0.37734335774544026 0.92607342601188847 -0
    outer loop
      vertex 15.556463241577148 8.8457202911376953 0
      vertex 14.329778671264648 8.3458881378173828 0
      vertex 14.329778671264648 8.3458881378173828 46.187965393066406
    endloop
  endfacet
  facet normal -0.37734335774544026 0.92607342601188847 0
    outer loop
      vertex 15.556463241577148 8.8457202911376953 0
      vertex 14.329778671264648 8.3458881378173828 46.187965393066406
      vertex 15.556463241577148 8.8457202911376953 46.187965393066406
    endloop
  endfacet
  facet normal -0.39641532445760624 0.91807128837316931 0
    outer loop
      vertex 14.329778671264648 8.3458881378173828 0
      vertex 13.118841171264648 7.8230156898498535 0
      vertex 13.118841171264648 7.8230156898498535 46.187965393066406
    endloop
  endfacet
  facet normal -0.39641532445760624 0.91807128837316931 0
    outer loop
      vertex 14.329778671264648 8.3458881378173828 0
      vertex 13.118841171264648 7.8230156898498535 46.187965393066406
      vertex 14.329778671264648 8.3458881378173828 46.187965393066406
    endloop
  endfacet
  facet normal -0.41521709948722374 0.90972235340977359 -0
    outer loop
      vertex 13.118841171264648 7.8230156898498535 0
      vertex 11.924139022827148 7.2777276039123535 0
      vertex 11.924139022827148 7.2777276039123535 46.187965393066406
    endloop
  endfacet
  facet normal -0.41521709948722374 0.90972235340977359 -7.258808721310639e-19
    outer loop
      vertex 13.118841171264648 7.8230156898498535 0
      vertex 11.924139022827148 7.2777276039123535 46.187965393066406
      vertex 13.118841171264648 7.8230156898498535 46.187965393066406
    endloop
  endfacet
  facet normal -0.4337903475048015 0.90101383697014525 -0
    outer loop
      vertex 11.924139022827148 7.2777276039123535 0
      vertex 10.746404647827148 6.7107110023498535 0
      vertex 10.746404647827148 6.7107110023498535 46.187965393066406
    endloop
  endfacet
  facet normal -0.4337903475048015 0.90101383697014525 0
    outer loop
      vertex 11.924139022827148 7.2777276039123535 0
      vertex 10.746404647827148 6.7107110023498535 46.187965393066406
      vertex 11.924139022827148 7.2777276039123535 46.187965393066406
    endloop
  endfacet
  facet normal -0.4520867551465293 0.89197397149304847 0
    outer loop
      vertex 10.746404647827148 6.7107110023498535 0
      vertex 9.5861263275146484 6.1226372718811035 0
      vertex 9.5861263275146484 6.1226372718811035 46.187965393066406
    endloop
  endfacet
  facet normal -0.4520867551465293 0.89197397149304847 0
    outer loop
      vertex 10.746404647827148 6.7107110023498535 0
      vertex 9.5861263275146484 6.1226372718811035 46.187965393066406
      vertex 10.746404647827148 6.7107110023498535 46.187965393066406
    endloop
  endfacet
  facet normal -0.47010659036098534 0.88260964967485411 0
    outer loop
      vertex 9.5861263275146484 6.1226372718811035 0
      vertex 8.4437923431396484 5.514193058013916 0
      vertex 8.4437923431396484 5.514193058013916 46.187965393066406
    endloop
  endfacet
  facet normal -0.47010659036098534 0.88260964967485411 0
    outer loop
      vertex 9.5861263275146484 6.1226372718811035 0
      vertex 8.4437923431396484 5.514193058013916 46.187965393066406
      vertex 9.5861263275146484 6.1226372718811035 46.187965393066406
    endloop
  endfacet
  facet normal -0.48785110697846712 0.87292685685564997 0
    outer loop
      vertex 8.4437923431396484 5.514193058013916 0
      vertex 7.3198909759521484 4.886080265045166 0
      vertex 7.3198909759521484 4.886080265045166 46.187965393066406
    endloop
  endfacet
  facet normal -0.48785110697846712 0.87292685685564997 0
    outer loop
      vertex 8.4437923431396484 5.514193058013916 0
      vertex 7.3198909759521484 4.886080265045166 46.187965393066406
      vertex 8.4437923431396484 5.514193058013916 46.187965393066406
    endloop
  endfacet
  facet normal -0.50527205631912853 0.86296010863946626 -0
    outer loop
      vertex 7.3198909759521484 4.886080265045166 0
      vertex 6.2147884368896484 4.2390313148498535 0
      vertex 6.2147884368896484 4.2390313148498535 46.187965393066406
    endloop
  endfacet
  facet normal -0.50527205631912853 0.86296010863946615 0
    outer loop
      vertex 7.3198909759521484 4.886080265045166 0
      vertex 6.2147884368896484 4.2390313148498535 46.187965393066406
      vertex 7.3198909759521484 4.886080265045166 46.187965393066406
    endloop
  endfacet
  facet normal -0.52238700819855388 0.85270851623832389 -0
    outer loop
      vertex 6.2147884368896484 4.2390313148498535 0
      vertex 5.1288509368896484 3.573763370513916 0
      vertex 5.1288509368896484 3.573763370513916 46.187965393066406
    endloop
  endfacet
  facet normal -0.52238700819855388 0.85270851623832378 0
    outer loop
      vertex 6.2147884368896484 4.2390313148498535 0
      vertex 5.1288509368896484 3.573763370513916 46.187965393066406
      vertex 6.2147884368896484 4.2390313148498535 46.187965393066406
    endloop
  endfacet
  facet normal -0.53927530076273988 0.84212953278415337 0
    outer loop
      vertex 5.1288509368896484 3.573763370513916 0
      vertex 4.0626888275146484 2.891024112701416 0
      vertex 4.0626888275146484 2.891024112701416 46.187965393066406
    endloop
  endfacet
  facet normal -0.53927530076273988 0.84212953278415337 0
    outer loop
      vertex 5.1288509368896484 3.573763370513916 0
      vertex 4.0626888275146484 2.891024112701416 46.187965393066406
      vertex 5.1288509368896484 3.573763370513916 46.187965393066406
    endloop
  endfacet
  facet normal -0.55574607239537277 0.83135209328967064 -0
    outer loop
      vertex 4.0626888275146484 2.891024112701416 0
      vertex 3.0163021087646484 2.191530704498291 0
      vertex 3.0163021087646484 2.191530704498291 46.187965393066406
    endloop
  endfacet
  facet normal -0.55574607239537277 0.83135209328967064 -7.2004769914122216e-19
    outer loop
      vertex 4.0626888275146484 2.891024112701416 0
      vertex 3.0163021087646484 2.191530704498291 46.187965393066406
      vertex 4.0626888275146484 2.891024112701416 46.187965393066406
    endloop
  endfacet
  facet normal -0.57201244089934877 0.82024494357257038 -0
    outer loop
      vertex 3.0163021087646484 2.191530704498291 0
      vertex 1.990301251411438 1.476030707359314 0
      vertex 1.990301251411438 1.476030707359314 46.187965393066406
    endloop
  endfacet
  facet normal -0.57201244089934877 0.82024494357257038 0
    outer loop
      vertex 3.0163021087646484 2.191530704498291 0
      vertex 1.990301251411438 1.476030707359314 46.187965393066406
      vertex 3.0163021087646484 2.191530704498291 46.187965393066406
    endloop
  endfacet
  facet normal -0.58790373179189637 0.80893090072339446 0
    outer loop
      vertex 1.990301251411438 1.476030707359314 0
      vertex 0.98480802774429321 0.74527209997177124 0
      vertex 0.98480802774429321 0.74527209997177124 46.187965393066406
    endloop
  endfacet
  facet normal -0.58790373179189637 0.80893090072339446 0
    outer loop
      vertex 1.990301251411438 1.476030707359314 0
      vertex 0.98480802774429321 0.74527209997177124 46.187965393066406
      vertex 1.990301251411438 1.476030707359314 46.187965393066406
    endloop
  endfacet
  facet normal -0.60342612139661123 0.79741890874009391 -0
    outer loop
      vertex 0.98480802774429321 0.74527209997177124 0
      vertex -5.5235606851056218e-05 2.3144220904214308e-06 0
      vertex -5.5235606851056218e-05 2.3144220904214308e-06 46.187965393066406
    endloop
  endfacet
  facet normal -0.60342612139661123 0.79741890874009391 0
    outer loop
      vertex 0.98480802774429321 0.74527209997177124 0
      vertex -5.5235606851056218e-05 2.3144220904214308e-06 46.187965393066406
      vertex 0.98480802774429321 0.74527209997177124 46.187965393066406
    endloop
  endfacet
  facet normal -1 0 0
    outer loop
      vertex -5.5235606851056218e-05 2.3144220904214308e-06 0
      vertex -5.5235606851056218e-05 -6.4855780601501465 0
      vertex -5.5235606851056218e-05 -6.4855780601501465 46.187965393066406
    endloop
  endfacet
  facet normal -1 -0 0
    outer loop
      vertex -5.5235606851056218e-05 2.3144220904214308e-06 0
      vertex -5.5235606851056218e-05 -6.4855780601501465 46.187965393066406
      vertex -5.5235606851056218e-05 2.3144220904214308e-06 46.187965393066406
    endloop
  endfacet
  facet normal -0 0 -1
    outer loop
      vertex 57.403633117675781 5.3935723304748535 0
      vertex 58.313423156738281 10.353288650512695 0
      vertex 59.591011047363281 9.9347248077392578 0
    endloop
  endfacet
  facet normal -0 0 -1
    outer loop
      vertex 58.706123352050781 4.949800968170166 0
      vertex 59.591011047363281 9.9347248077392578 0
      vertex 60.855293273925781 9.4909381866455078 0
    endloop
  endfacet
  facet normal 0 0 -1
    outer loop
      vertex 58.313423156738281 10.353288650512695 0
      vertex 56.086372375488281 5.8082451820373535 0
      vertex 57.023139953613281 10.74608039855957 0
    endloop
  endfacet
  facet normal -0 0 -1
    outer loop
      vertex 52.055610656738281 6.8713860511779785 0
      vertex 53.084419250488281 11.764955520629883 0
      vertex 54.407783508300781 11.45237922668457 0
    endloop
  endfacet
  facet normal -0 0 -1
    outer loop
      vertex 53.411323547363281 6.5477471351623535 0
      vertex 54.407783508300781 11.45237922668457 0
      vertex 55.721015930175781 11.11259651184082 0
    endloop
  endfacet
  facet normal 0 0 -1
    outer loop
      vertex 57.023139953613281 10.74608039855957 0
      vertex 54.755317687988281 6.193178653717041 0
      vertex 55.721015930175781 11.11259651184082 0
    endloop
  endfacet
  facet normal 0 0 -1
    outer loop
      vertex 51.751533508300781 12.04991340637207 0
      vertex 53.084419250488281 11.764955520629883 0
      vertex 52.055610656738281 6.8713860511779785 0
    endloop
  endfacet
  facet normal 0 0 -1
    outer loop
      vertex 64.560981750488281 8.0139331817626953 0
      vertex 65.764839172363281 7.475100040435791 0
      vertex 62.515449523925781 3.4511284828186035 0
    endloop
  endfacet
  facet normal 0 0 -1
    outer loop
      vertex 66.952217102050781 6.914064884185791 0
      vertex 63.749824523925781 2.898348331451416 0
      vertex 65.764839172363281 7.475100040435791 0
    endloop
  endfacet
  facet normal 0 0 -1
    outer loop
      vertex 64.560981750488281 8.0139331817626953 0
      vertex 62.515449523925781 3.4511284828186035 0
      vertex 63.340888977050781 8.5299396514892578 0
    endloop
  endfacet
  facet normal 0 -0 -1
    outer loop
      vertex 54.407783508300781 11.45237922668457 0
      vertex 53.411323547363281 6.5477471351623535 0
      vertex 52.055610656738281 6.8713860511779785 0
    endloop
  endfacet
  facet normal -0 -0 -1
    outer loop
      vertex 50.689033508300781 7.1635613441467285 0
      vertex 51.751533508300781 12.04991340637207 0
      vertex 52.055610656738281 6.8713860511779785 0
    endloop
  endfacet
  facet normal 0 0 -1
    outer loop
      vertex 62.105537414550781 9.0224781036376953 0
      vertex 59.992744445800781 4.477632999420166 0
      vertex 60.855293273925781 9.4909381866455078 0
    endloop
  endfacet
  facet normal -0 0 -1
    outer loop
      vertex 61.262763977050781 3.9778313636779785 0
      vertex 62.105537414550781 9.0224781036376953 0
      vertex 63.340888977050781 8.5299396514892578 0
    endloop
  endfacet
  facet normal -0 0 -1
    outer loop
      vertex 54.755317687988281 6.193178653717041 0
      vertex 53.411323547363281 6.5477471351623535 0
      vertex 55.721015930175781 11.11259651184082 0
    endloop
  endfacet
  facet normal -0 0 -1
    outer loop
      vertex 50.689033508300781 7.1635613441467285 0
      vertex 50.410102844238281 12.306901931762695 0
      vertex 51.751533508300781 12.04991340637207 0
    endloop
  endfacet
  facet normal -0 0 -1
    outer loop
      vertex 47.927925109863281 7.6516289710998535 0
      vertex 47.705146789550781 12.735551834106445 0
      vertex 49.060981750488281 12.535539627075195 0
    endloop
  endfacet
  facet normal 0 0 -1
    outer loop
      vertex 50.410102844238281 12.306901931762695 0
      vertex 49.312690734863281 7.4237847328186035 0
      vertex 49.060981750488281 12.535539627075195 0
    endloop
  endfacet
  facet normal 0 0 -1
    outer loop
      vertex 47.705146789550781 12.735551834106445 0
      vertex 46.535713195800781 7.846743106842041 0
      vertex 46.343330383300781 12.90666389465332 0
    endloop
  endfacet
  facet normal -0 0 -1
    outer loop
      vertex 42.326118469238281 8.2326068878173828 0
      vertex 42.232246398925781 13.244462966918945 0
      vertex 43.606025695800781 13.161287307739258 0
    endloop
  endfacet
  facet normal 0 0 -1
    outer loop
      vertex 43.606025695800781 13.161287307739258 0
      vertex 44.976631164550781 13.04863166809082 0
      vertex 43.733589172363281 8.1374683380126953 0
    endloop
  endfacet
  facet normal 0 0 -1
    outer loop
      vertex 46.343330383300781 12.90666389465332 0
      vertex 45.137153625488281 8.0087757110595703 0
      vertex 44.976631164550781 13.04863166809082 0
    endloop
  endfacet
  facet normal 0 0 -1
    outer loop
      vertex 42.232246398925781 13.244462966918945 0
      vertex 40.915962219238281 8.2940540313720703 0
      vertex 40.856391906738281 13.298051834106445 0
    endloop
  endfacet
  facet normal 0 0 -1
    outer loop
      vertex 46.343330383300781 12.90666389465332 0
      vertex 46.535713195800781 7.846743106842041 0
      vertex 45.137153625488281 8.0087757110595703 0
    endloop
  endfacet
  facet normal -0 -0 -1
    outer loop
      vertex 49.060981750488281 12.535539627075195 0
      vertex 49.312690734863281 7.4237847328186035 0
      vertex 47.927925109863281 7.6516289710998535 0
    endloop
  endfacet
  facet normal 0 0 -1
    outer loop
      vertex 47.705146789550781 12.735551834106445 0
      vertex 47.927925109863281 7.6516289710998535 0
      vertex 46.535713195800781 7.846743106842041 0
    endloop
  endfacet
  facet normal 0 0 -1
    outer loop
      vertex 40.856391906738281 13.298051834106445 0
      vertex 40.915962219238281 8.2940540313720703 0
      vertex 39.504219055175781 8.3216876983642578 0
    endloop
  endfacet
  facet normal 0 0 -1
    outer loop
      vertex 43.606025695800781 13.161287307739258 0
      vertex 43.733589172363281 8.1374683380126953 0
      vertex 42.326118469238281 8.2326068878173828 0
    endloop
  endfacet
  facet normal 0 0 -1
    outer loop
      vertex 42.232246398925781 13.244462966918945 0
      vertex 42.326118469238281 8.2326068878173828 0
      vertex 40.915962219238281 8.2940540313720703 0
    endloop
  endfacet
  facet normal -0 -0 -1
    outer loop
      vertex 43.733589172363281 8.1374683380126953 0
      vertex 44.976631164550781 13.04863166809082 0
      vertex 45.137153625488281 8.0087757110595703 0
    endloop
  endfacet
  facet normal -0 0 -1
    outer loop
      vertex 39.504219055175781 8.3216876983642578 0
      vertex 39.479316711425781 13.321992874145508 0
      vertex 40.856391906738281 13.298051834106445 0
    endloop
  endfacet
  facet normal -0 -0 -1
    outer loop
      vertex 50.689033508300781 7.1635613441467285 0
      vertex 49.312690734863281 7.4237847328186035 0
      vertex 50.410102844238281 12.306901931762695 0
    endloop
  endfacet
  facet normal -0 0 -1
    outer loop
      vertex 73.929145812988281 -3.1072516441345215 0
      vertex 76.808540344238281 0.98158496618270874 0
      vertex 77.804267883300781 0.23759691417217255 0
    endloop
  endfacet
  facet normal 0 0 -1
    outer loop
      vertex 78.779121398925781 -0.52062755823135376 0
      vertex 74.947456359863281 -3.8722662925720215 0
      vertex 77.804267883300781 0.23759691417217255 0
    endloop
  endfacet
  facet normal -0 0 -1
    outer loop
      vertex 76.808540344238281 0.98158496618270874 0
      vertex 72.887275695800781 -2.3592963218688965 0
      vertex 75.792060852050781 1.7105735540390015 0
    endloop
  endfacet
  facet normal 0 -0 -1
    outer loop
      vertex 73.697944641113281 3.1206231117248535 0
      vertex 71.821968078613281 -1.629315972328186 0
      vertex 70.733833312988281 -0.91828685998916626 0
    endloop
  endfacet
  facet normal 0 0 -1
    outer loop
      vertex 73.697944641113281 3.1206231117248535 0
      vertex 74.755073547363281 2.4238457679748535 0
      vertex 71.821968078613281 -1.629315972328186 0
    endloop
  endfacet
  facet normal 0 0 -1
    outer loop
      vertex 75.792060852050781 1.7105735540390015 0
      vertex 72.887275695800781 -2.3592963218688965 0
      vertex 74.755073547363281 2.4238457679748535 0
    endloop
  endfacet
  facet normal -0 0 -1
    outer loop
      vertex 70.733833312988281 -0.91828685998916626 0
      vertex 72.620918273925781 3.8001885414123535 0
      vertex 73.697944641113281 3.1206231117248535 0
    endloop
  endfacet
  facet normal 0 -0 -1
    outer loop
      vertex 78.779121398925781 -0.52062755823135376 0
      vertex 76.912055969238281 -5.4495978355407715 0
      vertex 75.941841125488281 -4.653348445892334 0
    endloop
  endfacet
  facet normal 0 -0 -1
    outer loop
      vertex 78.779121398925781 -0.52062755823135376 0
      vertex 78.779121398925781 -7.0837531089782715 0
      vertex 77.857856750488281 -6.260037899017334 0
    endloop
  endfacet
  facet normal -0 0 -1
    outer loop
      vertex 78.779121398925781 -0.52062755823135376 0
      vertex 77.857856750488281 -6.260037899017334 0
      vertex 76.912055969238281 -5.4495978355407715 0
    endloop
  endfacet
  facet normal 0 -0 -1
    outer loop
      vertex 74.755073547363281 2.4238457679748535 0
      vertex 72.887275695800781 -2.3592963218688965 0
      vertex 71.821968078613281 -1.629315972328186 0
    endloop
  endfacet
  facet normal 0 -0 -1
    outer loop
      vertex 77.804267883300781 0.23759691417217255 0
      vertex 74.947456359863281 -3.8722662925720215 0
      vertex 73.929145812988281 -3.1072516441345215 0
    endloop
  endfacet
  facet normal 0 -0 -1
    outer loop
      vertex 76.808540344238281 0.98158496618270874 0
      vertex 73.929145812988281 -3.1072516441345215 0
      vertex 72.887275695800781 -2.3592963218688965 0
    endloop
  endfacet
  facet normal -0 0 -1
    outer loop
      vertex 74.947456359863281 -3.8722662925720215 0
      vertex 78.779121398925781 -0.52062755823135376 0
      vertex 75.941841125488281 -4.653348445892334 0
    endloop
  endfacet
  facet normal -0 0 -1
    outer loop
      vertex 69.623115539550781 -0.22710950672626495 0
      vertex 71.524482727050781 4.4617791175842285 0
      vertex 72.620918273925781 3.8001885414123535 0
    endloop
  endfacet
  facet normal -0 0 -1
    outer loop
      vertex 68.122383117675781 6.3315300941467285 0
      vertex 69.274726867675781 5.7281670570373535 0
      vertex 66.160713195800781 1.717851996421814 0
    endloop
  endfacet
  facet normal -0 0 -1
    outer loop
      vertex 61.262763977050781 3.9778313636779785 0
      vertex 63.340888977050781 8.5299396514892578 0
      vertex 62.515449523925781 3.4511284828186035 0
    endloop
  endfacet
  facet normal 0 0 -1
    outer loop
      vertex 70.409004211425781 5.104677677154541 0
      vertex 67.336006164550781 1.0918601751327515 0
      vertex 69.274726867675781 5.7281670570373535 0
    endloop
  endfacet
  facet normal 0 -0 -1
    outer loop
      vertex 62.105537414550781 9.0224781036376953 0
      vertex 61.262763977050781 3.9778313636779785 0
      vertex 59.992744445800781 4.477632999420166 0
    endloop
  endfacet
  facet normal -0 0 -1
    outer loop
      vertex 56.086372375488281 5.8082451820373535 0
      vertex 58.313423156738281 10.353288650512695 0
      vertex 57.403633117675781 5.3935723304748535 0
    endloop
  endfacet
  facet normal -0 0 -1
    outer loop
      vertex 58.706123352050781 4.949800968170166 0
      vertex 60.855293273925781 9.4909381866455078 0
      vertex 59.992744445800781 4.477632999420166 0
    endloop
  endfacet
  facet normal 0 -0 -1
    outer loop
      vertex 57.403633117675781 5.3935723304748535 0
      vertex 59.591011047363281 9.9347248077392578 0
      vertex 58.706123352050781 4.949800968170166 0
    endloop
  endfacet
  facet normal -0 0 -1
    outer loop
      vertex 56.086372375488281 5.8082451820373535 0
      vertex 54.755317687988281 6.193178653717041 0
      vertex 57.023139953613281 10.74608039855957 0
    endloop
  endfacet
  facet normal -0 0 -1
    outer loop
      vertex 70.409004211425781 5.104677677154541 0
      vertex 68.490303039550781 0.44323962926864624 0
      vertex 67.336006164550781 1.0918601751327515 0
    endloop
  endfacet
  facet normal -0 0 -1
    outer loop
      vertex 69.623115539550781 -0.22710950672626495 0
      vertex 72.620918273925781 3.8001885414123535 0
      vertex 70.733833312988281 -0.91828685998916626 0
    endloop
  endfacet
  facet normal -0 0 -1
    outer loop
      vertex 68.490303039550781 0.44323962926864624 0
      vertex 71.524482727050781 4.4617791175842285 0
      vertex 69.623115539550781 -0.22710950672626495 0
    endloop
  endfacet
  facet normal -0 0 -1
    outer loop
      vertex 62.515449523925781 3.4511284828186035 0
      vertex 65.764839172363281 7.475100040435791 0
      vertex 63.749824523925781 2.898348331451416 0
    endloop
  endfacet
  facet normal 0 -0 -1
    outer loop
      vertex 68.122383117675781 6.3315300941467285 0
      vertex 66.160713195800781 1.717851996421814 0
      vertex 64.965156555175781 2.3202996253967285 0
    endloop
  endfacet
  facet normal 0 0 -1
    outer loop
      vertex 66.952217102050781 6.914064884185791 0
      vertex 68.122383117675781 6.3315300941467285 0
      vertex 64.965156555175781 2.3202996253967285 0
    endloop
  endfacet
  facet normal -0 0 -1
    outer loop
      vertex 63.749824523925781 2.898348331451416 0
      vertex 66.952217102050781 6.914064884185791 0
      vertex 64.965156555175781 2.3202996253967285 0
    endloop
  endfacet
  facet normal -0 0 -1
    outer loop
      vertex 66.160713195800781 1.717851996421814 0
      vertex 69.274726867675781 5.7281670570373535 0
      vertex 67.336006164550781 1.0918601751327515 0
    endloop
  endfacet
  facet normal -0 0 -1
    outer loop
      vertex 68.490303039550781 0.44323962926864624 0
      vertex 70.409004211425781 5.104677677154541 0
      vertex 71.524482727050781 4.4617791175842285 0
    endloop
  endfacet
  facet normal -0 0 -1
    outer loop
      vertex 38.092353820800781 8.3154926300048828 0
      vertex 38.102119445800781 13.316255569458008 0
      vertex 39.504219055175781 8.3216876983642578 0
    endloop
  endfacet
  facet normal 0 -0 -1
    outer loop
      vertex 38.102119445800781 13.316255569458008 0
      vertex 38.092353820800781 8.3154926300048828 0
      vertex 36.725654602050781 13.280855178833008 0
    endloop
  endfacet
  facet normal 0 -0 -1
    outer loop
      vertex 36.725654602050781 13.280855178833008 0
      vertex 36.681465148925781 8.2754688262939453 0
      vertex 35.350898742675781 13.215837478637695 0
    endloop
  endfacet
  facet normal -0 0 -1
    outer loop
      vertex 32.610420227050781 12.99742317199707 0
      vertex 33.978828430175781 13.12132453918457 0
      vertex 33.867256164550781 8.0943470001220703 0
    endloop
  endfacet
  facet normal 0 -0 -1
    outer loop
      vertex 32.466499328613281 7.9535698890686035 0
      vertex 31.246526718139648 12.844331741333008 0
      vertex 32.610420227050781 12.99742317199707 0
    endloop
  endfacet
  facet normal -0 0 -1
    outer loop
      vertex 33.978828430175781 13.12132453918457 0
      vertex 35.350898742675781 13.215837478637695 0
      vertex 35.272651672363281 8.2017078399658203 0
    endloop
  endfacet
  facet normal -0 0 -1
    outer loop
      vertex 29.888128280639648 12.662248611450195 0
      vertex 31.246526718139648 12.844331741333008 0
      vertex 31.071477890014648 7.779634952545166 0
    endloop
  endfacet
  facet normal -0 0 -1
    outer loop
      vertex 36.681465148925781 8.2754688262939453 0
      vertex 36.725654602050781 13.280855178833008 0
      vertex 38.092353820800781 8.3154926300048828 0
    endloop
  endfacet
  facet normal -0 0 -1
    outer loop
      vertex 33.867256164550781 8.0943470001220703 0
      vertex 33.978828430175781 13.12132453918457 0
      vertex 35.272651672363281 8.2017078399658203 0
    endloop
  endfacet
  facet normal 0 0 -1
    outer loop
      vertex 36.681465148925781 8.2754688262939453 0
      vertex 35.272651672363281 8.2017078399658203 0
      vertex 35.350898742675781 13.215837478637695 0
    endloop
  endfacet
  facet normal 0 0 -1
    outer loop
      vertex 32.466499328613281 7.9535698890686035 0
      vertex 31.071477890014648 7.779634952545166 0
      vertex 31.246526718139648 12.844331741333008 0
    endloop
  endfacet
  facet normal 0 0 -1
    outer loop
      vertex 32.610420227050781 12.99742317199707 0
      vertex 33.867256164550781 8.0943470001220703 0
      vertex 32.466499328613281 7.9535698890686035 0
    endloop
  endfacet
  facet normal -0 0 -1
    outer loop
      vertex 29.683294296264648 7.5728325843811035 0
      vertex 29.888128280639648 12.662248611450195 0
      vertex 31.071477890014648 7.779634952545166 0
    endloop
  endfacet
  facet normal 0 0 -1
    outer loop
      vertex 29.683294296264648 7.5728325843811035 0
      vertex 28.303289413452148 7.333528995513916 0
      vertex 28.536077499389648 12.451448440551758 0
    endloop
  endfacet
  facet normal -0 0 -1
    outer loop
      vertex 28.536077499389648 12.451448440551758 0
      vertex 29.888128280639648 12.662248611450195 0
      vertex 29.683294296264648 7.5728325843811035 0
    endloop
  endfacet
  facet normal 0 0 -1
    outer loop
      vertex 39.479316711425781 13.321992874145508 0
      vertex 39.504219055175781 8.3216876983642578 0
      vertex 38.102119445800781 13.316255569458008 0
    endloop
  endfacet
  facet normal -0 0 -1
    outer loop
      vertex 25.854925155639648 11.944902420043945 0
      vertex 27.191473007202148 12.212221145629883 0
      vertex 26.932439804077148 7.0621514320373535 0
    endloop
  endfacet
  facet normal 0 0 -1
    outer loop
      vertex 25.854925155639648 11.944902420043945 0
      vertex 26.932439804077148 7.0621514320373535 0
      vertex 24.527410507202148 11.649843215942383 0
    endloop
  endfacet
  facet normal 0 0 -1
    outer loop
      vertex 24.527410507202148 11.649843215942383 0
      vertex 25.571844100952148 6.7591423988342285 0
      vertex 23.209905624389648 11.327455520629883 0
    endloop
  endfacet
  facet normal 0 0 -1
    outer loop
      vertex 23.209905624389648 11.327455520629883 0
      vertex 24.222600936889648 6.425020694732666 0
      vertex 21.903020858764648 10.978166580200195 0
    endloop
  endfacet
  facet normal -0 -0 -1
    outer loop
      vertex 22.885808944702148 6.060335636138916 0
      vertex 20.607610702514648 10.60246467590332 0
      vertex 21.903020858764648 10.978166580200195 0
    endloop
  endfacet
  facet normal -0 0 -1
    outer loop
      vertex 24.222600936889648 6.425020694732666 0
      vertex 23.209905624389648 11.327455520629883 0
      vertex 25.571844100952148 6.7591423988342285 0
    endloop
  endfacet
  facet normal 0 0 -1
    outer loop
      vertex 20.607610702514648 10.60246467590332 0
      vertex 21.562444686889648 5.665712833404541 0
      vertex 19.324529647827148 10.200822830200195 0
    endloop
  endfacet
  facet normal 0 0 -1
    outer loop
      vertex 28.303289413452148 7.333528995513916 0
      vertex 26.932439804077148 7.0621514320373535 0
      vertex 27.191473007202148 12.212221145629883 0
    endloop
  endfacet
  facet normal -0 -0 -1
    outer loop
      vertex 18.054510116577148 9.7737903594970703 0
      vertex 19.324529647827148 10.200822830200195 0
      vertex 20.253484725952148 5.241762638092041 0
    endloop
  endfacet
  facet normal -0 0 -1
    outer loop
      vertex 25.571844100952148 6.7591423988342285 0
      vertex 24.527410507202148 11.649843215942383 0
      vertex 26.932439804077148 7.0621514320373535 0
    endloop
  endfacet
  facet normal -0 -0 -1
    outer loop
      vertex 16.798284530639648 9.3218860626220703 0
      vertex 18.054510116577148 9.7737903594970703 0
      vertex 18.959783554077148 4.7892022132873535 0
    endloop
  endfacet
  facet normal -0 -0 -1
    outer loop
      vertex 14.329778671264648 8.3458881378173828 0
      vertex 15.556463241577148 8.8457202911376953 0
      vertex 16.421819686889648 3.801119327545166 0
    endloop
  endfacet
  facet normal -0 -0 -1
    outer loop
      vertex 15.179265975952148 3.2671380043029785 0
      vertex 13.118841171264648 7.8230156898498535 0
      vertex 14.329778671264648 8.3458881378173828 0
    endloop
  endfacet
  facet normal -0 -0 -1
    outer loop
      vertex 16.798284530639648 9.3218860626220703 0
      vertex 17.682317733764648 4.3087334632873535 0
      vertex 15.556463241577148 8.8457202911376953 0
    endloop
  endfacet
  facet normal -0 -0 -1
    outer loop
      vertex 11.924139022827148 7.2777276039123535 0
      vertex 13.118841171264648 7.8230156898498535 0
      vertex 15.179265975952148 3.2671380043029785 0
    endloop
  endfacet
  facet normal 0 -0 -1
    outer loop
      vertex 28.536077499389648 12.451448440551758 0
      vertex 28.303289413452148 7.333528995513916 0
      vertex 27.191473007202148 12.212221145629883 0
    endloop
  endfacet
  facet normal -0 0 -1
    outer loop
      vertex 22.885808944702148 6.060335636138916 0
      vertex 21.903020858764648 10.978166580200195 0
      vertex 24.222600936889648 6.425020694732666 0
    endloop
  endfacet
  facet normal -0 0 -1
    outer loop
      vertex 20.253484725952148 5.241762638092041 0
      vertex 19.324529647827148 10.200822830200195 0
      vertex 21.562444686889648 5.665712833404541 0
    endloop
  endfacet
  facet normal 0 0 -1
    outer loop
      vertex 22.885808944702148 6.060335636138916 0
      vertex 21.562444686889648 5.665712833404541 0
      vertex 20.607610702514648 10.60246467590332 0
    endloop
  endfacet
  facet normal 0 0 -1
    outer loop
      vertex 18.959783554077148 4.7892022132873535 0
      vertex 17.682317733764648 4.3087334632873535 0
      vertex 16.798284530639648 9.3218860626220703 0
    endloop
  endfacet
  facet normal -0 -0 -1
    outer loop
      vertex 8.4437923431396484 5.514193058013916 0
      vertex 9.5861263275146484 6.1226372718811035 0
      vertex 11.565984725952148 1.5153220891952515 0
    endloop
  endfacet
  facet normal -0 -0 -1
    outer loop
      vertex 12.750555038452148 2.1234002113342285 0
      vertex 9.5861263275146484 6.1226372718811035 0
      vertex 10.746404647827148 6.7107110023498535 0
    endloop
  endfacet
  facet normal 0 0 -1
    outer loop
      vertex 18.054510116577148 9.7737903594970703 0
      vertex 20.253484725952148 5.241762638092041 0
      vertex 18.959783554077148 4.7892022132873535 0
    endloop
  endfacet
  facet normal 0 0 -1
    outer loop
      vertex 11.924139022827148 7.2777276039123535 0
      vertex 13.955266952514648 2.7076287269592285 0
      vertex 10.746404647827148 6.7107110023498535 0
    endloop
  endfacet
  facet normal -0 0 -1
    outer loop
      vertex 16.421819686889648 3.801119327545166 0
      vertex 15.556463241577148 8.8457202911376953 0
      vertex 17.682317733764648 4.3087334632873535 0
    endloop
  endfacet
  facet normal -0 0 -1
    outer loop
      vertex 13.955266952514648 2.7076287269592285 0
      vertex 11.924139022827148 7.2777276039123535 0
      vertex 15.179265975952148 3.2671380043029785 0
    endloop
  endfacet
  facet normal 0 0 -1
    outer loop
      vertex 16.421819686889648 3.801119327545166 0
      vertex 15.179265975952148 3.2671380043029785 0
      vertex 14.329778671264648 8.3458881378173828 0
    endloop
  endfacet
  facet normal 0 0 -1
    outer loop
      vertex 9.5861263275146484 6.1226372718811035 0
      vertex 12.750555038452148 2.1234002113342285 0
      vertex 11.565984725952148 1.5153220891952515 0
    endloop
  endfacet
  facet normal 0 0 -1
    outer loop
      vertex 10.401922225952148 0.88431018590927124 0
      vertex 9.2590999603271484 0.23123399913311005 0
      vertex 7.3198909759521484 4.886080265045166 0
    endloop
  endfacet
  facet normal -0 0 -1
    outer loop
      vertex 10.401922225952148 0.88431018590927124 0
      vertex 8.4437923431396484 5.514193058013916 0
      vertex 11.565984725952148 1.5153220891952515 0
    endloop
  endfacet
  facet normal -0 0 -1
    outer loop
      vertex 12.750555038452148 2.1234002113342285 0
      vertex 10.746404647827148 6.7107110023498535 0
      vertex 13.955266952514648 2.7076287269592285 0
    endloop
  endfacet
  facet normal -0 -0 -1
    outer loop
      vertex 7.3198909759521484 4.886080265045166 0
      vertex 8.4437923431396484 5.514193058013916 0
      vertex 10.401922225952148 0.88431018590927124 0
    endloop
  endfacet
  facet normal -0 0 -1
    outer loop
      vertex 8.1380062103271484 -0.44299083948135376 0
      vertex 6.2147884368896484 4.2390313148498535 0
      vertex 9.2590999603271484 0.23123399913311005 0
    endloop
  endfacet
  facet normal 0 0 -1
    outer loop
      vertex 6.2147884368896484 4.2390313148498535 0
      vertex 8.1380062103271484 -0.44299083948135376 0
      vertex 5.1288509368896484 3.573763370513916 0
    endloop
  endfacet
  facet normal 0 0 -1
    outer loop
      vertex 5.1288509368896484 3.573763370513916 0
      vertex 7.0391292572021484 -1.1374183893203735 0
      vertex 4.0626888275146484 2.891024112701416 0
    endloop
  endfacet
  facet normal -0 -0 -1
    outer loop
      vertex 1.990301251411438 1.476030707359314 0
      vertex 3.0163021087646484 2.191530704498291 0
      vertex 4.9097347259521484 -2.583188533782959 0
    endloop
  endfacet
  facet normal -0 -0 -1
    outer loop
      vertex 0.98480802774429321 0.74527209997177124 0
      vertex 1.990301251411438 1.476030707359314 0
      vertex 4.9097347259521484 -2.583188533782959 0
    endloop
  endfacet
  facet normal -0 -0 -1
    outer loop
      vertex 3.0163021087646484 2.191530704498291 0
      vertex 4.0626888275146484 2.891024112701416 0
      vertex 5.9629573822021484 -1.8511329889297485 0
    endloop
  endfacet
  facet normal 0 0 -1
    outer loop
      vertex 0.98480802774429321 0.74527209997177124 0
      vertex 3.8799495697021484 -3.332639217376709 0
      vertex -5.5235606851056218e-05 2.3144220904214308e-06 0
    endloop
  endfacet
  facet normal 0 0 -1
    outer loop
      vertex 5.1288509368896484 3.573763370513916 0
      vertex 8.1380062103271484 -0.44299083948135376 0
      vertex 7.0391292572021484 -1.1374183893203735 0
    endloop
  endfacet
  facet normal 0 0 -1
    outer loop
      vertex 3.0163021087646484 2.191530704498291 0
      vertex 5.9629573822021484 -1.8511329889297485 0
      vertex 4.9097347259521484 -2.583188533782959 0
    endloop
  endfacet
  facet normal -0 0 -1
    outer loop
      vertex 5.9629573822021484 -1.8511329889297485 0
      vertex 4.0626888275146484 2.891024112701416 0
      vertex 7.0391292572021484 -1.1374183893203735 0
    endloop
  endfacet
  facet normal 0 0 -1
    outer loop
      vertex -5.5235606851056218e-05 2.3144220904214308e-06 0
      vertex 3.8799495697021484 -3.332639217376709 0
      vertex 2.8738460540771484 -4.0985541343688965 0
    endloop
  endfacet
  facet normal 0 0 -1
    outer loop
      vertex -5.5235606851056218e-05 2.3144220904214308e-06 0
      vertex 1.891790509223938 -4.879971981048584 0
      vertex 0.93366056680679321 -5.6759467124938965 0
    endloop
  endfacet
  facet normal 0 0 -1
    outer loop
      vertex -5.5235606851056218e-05 2.3144220904214308e-06 0
      vertex 0.93366056680679321 -5.6759467124938965 0
      vertex -5.5235606851056218e-05 -6.4855780601501465 0
    endloop
  endfacet
  facet normal 0 0 -1
    outer loop
      vertex 1.891790509223938 -4.879971981048584 0
      vertex -5.5235606851056218e-05 2.3144220904214308e-06 0
      vertex 2.8738460540771484 -4.0985541343688965 0
    endloop
  endfacet
  facet normal -0 0 -1
    outer loop
      vertex 3.8799495697021484 -3.332639217376709 0
      vertex 0.98480802774429321 0.74527209997177124 0
      vertex 4.9097347259521484 -2.583188533782959 0
    endloop
  endfacet
  facet normal 0 0 -1
    outer loop
      vertex 7.3198909759521484 4.886080265045166 0
      vertex 9.2590999603271484 0.23123399913311005 0
      vertex 6.2147884368896484 4.2390313148498535 0
    endloop
  endfacet
  facet normal -0 0 1
    outer loop
      vertex 57.403633117675781 5.3935723304748535 46.187965393066406
      vertex 59.591011047363281 9.9347248077392578 46.187965393066406
      vertex 58.313423156738281 10.353288650512695 46.187965393066406
    endloop
  endfacet
  facet normal -0 0 1
    outer loop
      vertex 58.706123352050781 4.949800968170166 46.187965393066406
      vertex 60.855293273925781 9.4909381866455078 46.187965393066406
      vertex 59.591011047363281 9.9347248077392578 46.187965393066406
    endloop
  endfacet
  facet normal -0 0 1
    outer loop
      vertex 58.313423156738281 10.353288650512695 46.187965393066406
      vertex 57.023139953613281 10.74608039855957 46.187965393066406
      vertex 56.086372375488281 5.8082451820373535 46.187965393066406
    endloop
  endfacet
  facet normal -0 0 1
    outer loop
      vertex 52.055610656738281 6.8713860511779785 46.187965393066406
      vertex 54.407783508300781 11.45237922668457 46.187965393066406
      vertex 53.084419250488281 11.764955520629883 46.187965393066406
    endloop
  endfacet
  facet normal -0 0 1
    outer loop
      vertex 53.411323547363281 6.5477471351623535 46.187965393066406
      vertex 55.721015930175781 11.11259651184082 46.187965393066406
      vertex 54.407783508300781 11.45237922668457 46.187965393066406
    endloop
  endfacet
  facet normal -0 0 1
    outer loop
      vertex 57.023139953613281 10.74608039855957 46.187965393066406
      vertex 55.721015930175781 11.11259651184082 46.187965393066406
      vertex 54.755317687988281 6.193178653717041 46.187965393066406
    endloop
  endfacet
  facet normal 0 0 1
    outer loop
      vertex 51.751533508300781 12.04991340637207 46.187965393066406
      vertex 52.055610656738281 6.8713860511779785 46.187965393066406
      vertex 53.084419250488281 11.764955520629883 46.187965393066406
    endloop
  endfacet
  facet normal 0 0 1
    outer loop
      vertex 64.560981750488281 8.0139331817626953 46.187965393066406
      vertex 62.515449523925781 3.4511284828186035 46.187965393066406
      vertex 65.764839172363281 7.475100040435791 46.187965393066406
    endloop
  endfacet
  facet normal 0 0 1
    outer loop
      vertex 66.952217102050781 6.914064884185791 46.187965393066406
      vertex 65.764839172363281 7.475100040435791 46.187965393066406
      vertex 63.749824523925781 2.898348331451416 46.187965393066406
    endloop
  endfacet
  facet normal -0 0 1
    outer loop
      vertex 64.560981750488281 8.0139331817626953 46.187965393066406
      vertex 63.340888977050781 8.5299396514892578 46.187965393066406
      vertex 62.515449523925781 3.4511284828186035 46.187965393066406
    endloop
  endfacet
  facet normal 0 -0 1
    outer loop
      vertex 54.407783508300781 11.45237922668457 46.187965393066406
      vertex 52.055610656738281 6.8713860511779785 46.187965393066406
      vertex 53.411323547363281 6.5477471351623535 46.187965393066406
    endloop
  endfacet
  facet normal 0 0 1
    outer loop
      vertex 50.689033508300781 7.1635613441467285 46.187965393066406
      vertex 52.055610656738281 6.8713860511779785 46.187965393066406
      vertex 51.751533508300781 12.04991340637207 46.187965393066406
    endloop
  endfacet
  facet normal -0 0 1
    outer loop
      vertex 62.105537414550781 9.0224781036376953 46.187965393066406
      vertex 60.855293273925781 9.4909381866455078 46.187965393066406
      vertex 59.992744445800781 4.477632999420166 46.187965393066406
    endloop
  endfacet
  facet normal -0 0 1
    outer loop
      vertex 61.262763977050781 3.9778313636779785 46.187965393066406
      vertex 63.340888977050781 8.5299396514892578 46.187965393066406
      vertex 62.105537414550781 9.0224781036376953 46.187965393066406
    endloop
  endfacet
  facet normal -0 0 1
    outer loop
      vertex 54.755317687988281 6.193178653717041 46.187965393066406
      vertex 55.721015930175781 11.11259651184082 46.187965393066406
      vertex 53.411323547363281 6.5477471351623535 46.187965393066406
    endloop
  endfacet
  facet normal -0 0 1
    outer loop
      vertex 50.689033508300781 7.1635613441467285 46.187965393066406
      vertex 51.751533508300781 12.04991340637207 46.187965393066406
      vertex 50.410102844238281 12.306901931762695 46.187965393066406
    endloop
  endfacet
  facet normal -0 0 1
    outer loop
      vertex 47.927925109863281 7.6516289710998535 46.187965393066406
      vertex 49.060981750488281 12.535539627075195 46.187965393066406
      vertex 47.705146789550781 12.735551834106445 46.187965393066406
    endloop
  endfacet
  facet normal -0 0 1
    outer loop
      vertex 50.410102844238281 12.306901931762695 46.187965393066406
      vertex 49.060981750488281 12.535539627075195 46.187965393066406
      vertex 49.312690734863281 7.4237847328186035 46.187965393066406
    endloop
  endfacet
  facet normal -0 0 1
    outer loop
      vertex 47.705146789550781 12.735551834106445 46.187965393066406
      vertex 46.343330383300781 12.90666389465332 46.187965393066406
      vertex 46.535713195800781 7.846743106842041 46.187965393066406
    endloop
  endfacet
  facet normal -0 0 1
    outer loop
      vertex 42.326118469238281 8.2326068878173828 46.187965393066406
      vertex 43.606025695800781 13.161287307739258 46.187965393066406
      vertex 42.232246398925781 13.244462966918945 46.187965393066406
    endloop
  endfacet
  facet normal 0 0 1
    outer loop
      vertex 43.606025695800781 13.161287307739258 46.187965393066406
      vertex 43.733589172363281 8.1374683380126953 46.187965393066406
      vertex 44.976631164550781 13.04863166809082 46.187965393066406
    endloop
  endfacet
  facet normal -0 0 1
    outer loop
      vertex 46.343330383300781 12.90666389465332 46.187965393066406
      vertex 44.976631164550781 13.04863166809082 46.187965393066406
      vertex 45.137153625488281 8.0087757110595703 46.187965393066406
    endloop
  endfacet
  facet normal -0 0 1
    outer loop
      vertex 42.232246398925781 13.244462966918945 46.187965393066406
      vertex 40.856391906738281 13.298051834106445 46.187965393066406
      vertex 40.915962219238281 8.2940540313720703 46.187965393066406
    endloop
  endfacet
  facet normal 0 0 1
    outer loop
      vertex 46.343330383300781 12.90666389465332 46.187965393066406
      vertex 45.137153625488281 8.0087757110595703 46.187965393066406
      vertex 46.535713195800781 7.846743106842041 46.187965393066406
    endloop
  endfacet
  facet normal -0 -0 1
    outer loop
      vertex 49.060981750488281 12.535539627075195 46.187965393066406
      vertex 47.927925109863281 7.6516289710998535 46.187965393066406
      vertex 49.312690734863281 7.4237847328186035 46.187965393066406
    endloop
  endfacet
  facet normal 0 0 1
    outer loop
      vertex 47.705146789550781 12.735551834106445 46.187965393066406
      vertex 46.535713195800781 7.846743106842041 46.187965393066406
      vertex 47.927925109863281 7.6516289710998535 46.187965393066406
    endloop
  endfacet
  facet normal 0 0 1
    outer loop
      vertex 40.856391906738281 13.298051834106445 46.187965393066406
      vertex 39.504219055175781 8.3216876983642578 46.187965393066406
      vertex 40.915962219238281 8.2940540313720703 46.187965393066406
    endloop
  endfacet
  facet normal 0 0 1
    outer loop
      vertex 43.606025695800781 13.161287307739258 46.187965393066406
      vertex 42.326118469238281 8.2326068878173828 46.187965393066406
      vertex 43.733589172363281 8.1374683380126953 46.187965393066406
    endloop
  endfacet
  facet normal 0 0 1
    outer loop
      vertex 42.232246398925781 13.244462966918945 46.187965393066406
      vertex 40.915962219238281 8.2940540313720703 46.187965393066406
      vertex 42.326118469238281 8.2326068878173828 46.187965393066406
    endloop
  endfacet
  facet normal 0 0 1
    outer loop
      vertex 43.733589172363281 8.1374683380126953 46.187965393066406
      vertex 45.137153625488281 8.0087757110595703 46.187965393066406
      vertex 44.976631164550781 13.04863166809082 46.187965393066406
    endloop
  endfacet
  facet normal -0 0 1
    outer loop
      vertex 39.504219055175781 8.3216876983642578 46.187965393066406
      vertex 40.856391906738281 13.298051834106445 46.187965393066406
      vertex 39.479316711425781 13.321992874145508 46.187965393066406
    endloop
  endfacet
  facet normal -0 -0 1
    outer loop
      vertex 50.689033508300781 7.1635613441467285 46.187965393066406
      vertex 50.410102844238281 12.306901931762695 46.187965393066406
      vertex 49.312690734863281 7.4237847328186035 46.187965393066406
    endloop
  endfacet
  facet normal -0 0 1
    outer loop
      vertex 73.929145812988281 -3.1072516441345215 46.187965393066406
      vertex 77.804267883300781 0.23759691417217255 46.187965393066406
      vertex 76.808540344238281 0.98158496618270874 46.187965393066406
    endloop
  endfacet
  facet normal 0 0 1
    outer loop
      vertex 78.779121398925781 -0.52062755823135376 46.187965393066406
      vertex 77.804267883300781 0.23759691417217255 46.187965393066406
      vertex 74.947456359863281 -3.8722662925720215 46.187965393066406
    endloop
  endfacet
  facet normal -0 0 1
    outer loop
      vertex 76.808540344238281 0.98158496618270874 46.187965393066406
      vertex 75.792060852050781 1.7105735540390015 46.187965393066406
      vertex 72.887275695800781 -2.3592963218688965 46.187965393066406
    endloop
  endfacet
  facet normal 0 -0 1
    outer loop
      vertex 73.697944641113281 3.1206231117248535 46.187965393066406
      vertex 70.733833312988281 -0.91828685998916626 46.187965393066406
      vertex 71.821968078613281 -1.629315972328186 46.187965393066406
    endloop
  endfacet
  facet normal 0 0 1
    outer loop
      vertex 73.697944641113281 3.1206231117248535 46.187965393066406
      vertex 71.821968078613281 -1.629315972328186 46.187965393066406
      vertex 74.755073547363281 2.4238457679748535 46.187965393066406
    endloop
  endfacet
  facet normal 0 0 1
    outer loop
      vertex 75.792060852050781 1.7105735540390015 46.187965393066406
      vertex 74.755073547363281 2.4238457679748535 46.187965393066406
      vertex 72.887275695800781 -2.3592963218688965 46.187965393066406
    endloop
  endfacet
  facet normal -0 0 1
    outer loop
      vertex 70.733833312988281 -0.91828685998916626 46.187965393066406
      vertex 73.697944641113281 3.1206231117248535 46.187965393066406
      vertex 72.620918273925781 3.8001885414123535 46.187965393066406
    endloop
  endfacet
  facet normal 0 -0 1
    outer loop
      vertex 78.779121398925781 -0.52062755823135376 46.187965393066406
      vertex 75.941841125488281 -4.653348445892334 46.187965393066406
      vertex 76.912055969238281 -5.4495978355407715 46.187965393066406
    endloop
  endfacet
  facet normal 0 -0 1
    outer loop
      vertex 78.779121398925781 -0.52062755823135376 46.187965393066406
      vertex 77.857856750488281 -6.260037899017334 46.187965393066406
      vertex 78.779121398925781 -7.0837531089782715 46.187965393066406
    endloop
  endfacet
  facet normal -0 0 1
    outer loop
      vertex 78.779121398925781 -0.52062755823135376 46.187965393066406
      vertex 76.912055969238281 -5.4495978355407715 46.187965393066406
      vertex 77.857856750488281 -6.260037899017334 46.187965393066406
    endloop
  endfacet
  facet normal 0 -0 1
    outer loop
      vertex 74.755073547363281 2.4238457679748535 46.187965393066406
      vertex 71.821968078613281 -1.629315972328186 46.187965393066406
      vertex 72.887275695800781 -2.3592963218688965 46.187965393066406
    endloop
  endfacet
  facet normal 0 -0 1
    outer loop
      vertex 77.804267883300781 0.23759691417217255 46.187965393066406
      vertex 73.929145812988281 -3.1072516441345215 46.187965393066406
      vertex 74.947456359863281 -3.8722662925720215 46.187965393066406
    endloop
  endfacet
  facet normal 0 -0 1
    outer loop
      vertex 76.808540344238281 0.98158496618270874 46.187965393066406
      vertex 72.887275695800781 -2.3592963218688965 46.187965393066406
      vertex 73.929145812988281 -3.1072516441345215 46.187965393066406
    endloop
  endfacet
  facet normal -0 0 1
    outer loop
      vertex 74.947456359863281 -3.8722662925720215 46.187965393066406
      vertex 75.941841125488281 -4.653348445892334 46.187965393066406
      vertex 78.779121398925781 -0.52062755823135376 46.187965393066406
    endloop
  endfacet
  facet normal -0 0 1
    outer loop
      vertex 69.623115539550781 -0.22710950672626495 46.187965393066406
      vertex 72.620918273925781 3.8001885414123535 46.187965393066406
      vertex 71.524482727050781 4.4617791175842285 46.187965393066406
    endloop
  endfacet
  facet normal -0 0 1
    outer loop
      vertex 68.122383117675781 6.3315300941467285 46.187965393066406
      vertex 66.160713195800781 1.717851996421814 46.187965393066406
      vertex 69.274726867675781 5.7281670570373535 46.187965393066406
    endloop
  endfacet
  facet normal 0 -0 1
    outer loop
      vertex 61.262763977050781 3.9778313636779785 46.187965393066406
      vertex 62.515449523925781 3.4511284828186035 46.187965393066406
      vertex 63.340888977050781 8.5299396514892578 46.187965393066406
    endloop
  endfacet
  facet normal -0 0 1
    outer loop
      vertex 70.409004211425781 5.104677677154541 46.187965393066406
      vertex 69.274726867675781 5.7281670570373535 46.187965393066406
      vertex 67.336006164550781 1.0918601751327515 46.187965393066406
    endloop
  endfacet
  facet normal 0 -0 1
    outer loop
      vertex 62.105537414550781 9.0224781036376953 46.187965393066406
      vertex 59.992744445800781 4.477632999420166 46.187965393066406
      vertex 61.262763977050781 3.9778313636779785 46.187965393066406
    endloop
  endfacet
  facet normal 0 -0 1
    outer loop
      vertex 56.086372375488281 5.8082451820373535 46.187965393066406
      vertex 57.403633117675781 5.3935723304748535 46.187965393066406
      vertex 58.313423156738281 10.353288650512695 46.187965393066406
    endloop
  endfacet
  facet normal 0 -0 1
    outer loop
      vertex 58.706123352050781 4.949800968170166 46.187965393066406
      vertex 59.992744445800781 4.477632999420166 46.187965393066406
      vertex 60.855293273925781 9.4909381866455078 46.187965393066406
    endloop
  endfacet
  facet normal 0 -0 1
    outer loop
      vertex 57.403633117675781 5.3935723304748535 46.187965393066406
      vertex 58.706123352050781 4.949800968170166 46.187965393066406
      vertex 59.591011047363281 9.9347248077392578 46.187965393066406
    endloop
  endfacet
  facet normal -0 0 1
    outer loop
      vertex 56.086372375488281 5.8082451820373535 46.187965393066406
      vertex 57.023139953613281 10.74608039855957 46.187965393066406
      vertex 54.755317687988281 6.193178653717041 46.187965393066406
    endloop
  endfacet
  facet normal -0 0 1
    outer loop
      vertex 70.409004211425781 5.104677677154541 46.187965393066406
      vertex 67.336006164550781 1.0918601751327515 46.187965393066406
      vertex 68.490303039550781 0.44323962926864624 46.187965393066406
    endloop
  endfacet
  facet normal 0 -0 1
    outer loop
      vertex 69.623115539550781 -0.22710950672626495 46.187965393066406
      vertex 70.733833312988281 -0.91828685998916626 46.187965393066406
      vertex 72.620918273925781 3.8001885414123535 46.187965393066406
    endloop
  endfacet
  facet normal 0 -0 1
    outer loop
      vertex 68.490303039550781 0.44323962926864624 46.187965393066406
      vertex 69.623115539550781 -0.22710950672626495 46.187965393066406
      vertex 71.524482727050781 4.4617791175842285 46.187965393066406
    endloop
  endfacet
  facet normal 0 -0 1
    outer loop
      vertex 62.515449523925781 3.4511284828186035 46.187965393066406
      vertex 63.749824523925781 2.898348331451416 46.187965393066406
      vertex 65.764839172363281 7.475100040435791 46.187965393066406
    endloop
  endfacet
  facet normal 0 -0 1
    outer loop
      vertex 68.122383117675781 6.3315300941467285 46.187965393066406
      vertex 64.965156555175781 2.3202996253967285 46.187965393066406
      vertex 66.160713195800781 1.717851996421814 46.187965393066406
    endloop
  endfacet
  facet normal 0 0 1
    outer loop
      vertex 66.952217102050781 6.914064884185791 46.187965393066406
      vertex 64.965156555175781 2.3202996253967285 46.187965393066406
      vertex 68.122383117675781 6.3315300941467285 46.187965393066406
    endloop
  endfacet
  facet normal 0 -0 1
    outer loop
      vertex 63.749824523925781 2.898348331451416 46.187965393066406
      vertex 64.965156555175781 2.3202996253967285 46.187965393066406
      vertex 66.952217102050781 6.914064884185791 46.187965393066406
    endloop
  endfacet
  facet normal 0 -0 1
    outer loop
      vertex 66.160713195800781 1.717851996421814 46.187965393066406
      vertex 67.336006164550781 1.0918601751327515 46.187965393066406
      vertex 69.274726867675781 5.7281670570373535 46.187965393066406
    endloop
  endfacet
  facet normal -0 0 1
    outer loop
      vertex 68.490303039550781 0.44323962926864624 46.187965393066406
      vertex 71.524482727050781 4.4617791175842285 46.187965393066406
      vertex 70.409004211425781 5.104677677154541 46.187965393066406
    endloop
  endfacet
  facet normal -0 0 1
    outer loop
      vertex 38.092353820800781 8.3154926300048828 46.187965393066406
      vertex 39.504219055175781 8.3216876983642578 46.187965393066406
      vertex 38.102119445800781 13.316255569458008 46.187965393066406
    endloop
  endfacet
  facet normal 0 -0 1
    outer loop
      vertex 38.102119445800781 13.316255569458008 46.187965393066406
      vertex 36.725654602050781 13.280855178833008 46.187965393066406
      vertex 38.092353820800781 8.3154926300048828 46.187965393066406
    endloop
  endfacet
  facet normal 0 -0 1
    outer loop
      vertex 36.725654602050781 13.280855178833008 46.187965393066406
      vertex 35.350898742675781 13.215837478637695 46.187965393066406
      vertex 36.681465148925781 8.2754688262939453 46.187965393066406
    endloop
  endfacet
  facet normal 0 -0 1
    outer loop
      vertex 32.610420227050781 12.99742317199707 46.187965393066406
      vertex 33.867256164550781 8.0943470001220703 46.187965393066406
      vertex 33.978828430175781 13.12132453918457 46.187965393066406
    endloop
  endfacet
  facet normal 0 -0 1
    outer loop
      vertex 32.466499328613281 7.9535698890686035 46.187965393066406
      vertex 32.610420227050781 12.99742317199707 46.187965393066406
      vertex 31.246526718139648 12.844331741333008 46.187965393066406
    endloop
  endfacet
  facet normal 0 -0 1
    outer loop
      vertex 33.978828430175781 13.12132453918457 46.187965393066406
      vertex 35.272651672363281 8.2017078399658203 46.187965393066406
      vertex 35.350898742675781 13.215837478637695 46.187965393066406
    endloop
  endfacet
  facet normal 0 -0 1
    outer loop
      vertex 29.888128280639648 12.662248611450195 46.187965393066406
      vertex 31.071477890014648 7.779634952545166 46.187965393066406
      vertex 31.246526718139648 12.844331741333008 46.187965393066406
    endloop
  endfacet
  facet normal -0 0 1
    outer loop
      vertex 36.681465148925781 8.2754688262939453 46.187965393066406
      vertex 38.092353820800781 8.3154926300048828 46.187965393066406
      vertex 36.725654602050781 13.280855178833008 46.187965393066406
    endloop
  endfacet
  facet normal -0 0 1
    outer loop
      vertex 33.867256164550781 8.0943470001220703 46.187965393066406
      vertex 35.272651672363281 8.2017078399658203 46.187965393066406
      vertex 33.978828430175781 13.12132453918457 46.187965393066406
    endloop
  endfacet
  facet normal -0 0 1
    outer loop
      vertex 36.681465148925781 8.2754688262939453 46.187965393066406
      vertex 35.350898742675781 13.215837478637695 46.187965393066406
      vertex 35.272651672363281 8.2017078399658203 46.187965393066406
    endloop
  endfacet
  facet normal -0 0 1
    outer loop
      vertex 32.466499328613281 7.9535698890686035 46.187965393066406
      vertex 31.246526718139648 12.844331741333008 46.187965393066406
      vertex 31.071477890014648 7.779634952545166 46.187965393066406
    endloop
  endfacet
  facet normal 0 0 1
    outer loop
      vertex 32.610420227050781 12.99742317199707 46.187965393066406
      vertex 32.466499328613281 7.9535698890686035 46.187965393066406
      vertex 33.867256164550781 8.0943470001220703 46.187965393066406
    endloop
  endfacet
  facet normal -0 0 1
    outer loop
      vertex 29.683294296264648 7.5728325843811035 46.187965393066406
      vertex 31.071477890014648 7.779634952545166 46.187965393066406
      vertex 29.888128280639648 12.662248611450195 46.187965393066406
    endloop
  endfacet
  facet normal -0 0 1
    outer loop
      vertex 29.683294296264648 7.5728325843811035 46.187965393066406
      vertex 28.536077499389648 12.451448440551758 46.187965393066406
      vertex 28.303289413452148 7.333528995513916 46.187965393066406
    endloop
  endfacet
  facet normal 0 -0 1
    outer loop
      vertex 28.536077499389648 12.451448440551758 46.187965393066406
      vertex 29.683294296264648 7.5728325843811035 46.187965393066406
      vertex 29.888128280639648 12.662248611450195 46.187965393066406
    endloop
  endfacet
  facet normal 0 0 1
    outer loop
      vertex 39.479316711425781 13.321992874145508 46.187965393066406
      vertex 38.102119445800781 13.316255569458008 46.187965393066406
      vertex 39.504219055175781 8.3216876983642578 46.187965393066406
    endloop
  endfacet
  facet normal 0 -0 1
    outer loop
      vertex 25.854925155639648 11.944902420043945 46.187965393066406
      vertex 26.932439804077148 7.0621514320373535 46.187965393066406
      vertex 27.191473007202148 12.212221145629883 46.187965393066406
    endloop
  endfacet
  facet normal 0 0 1
    outer loop
      vertex 25.854925155639648 11.944902420043945 46.187965393066406
      vertex 24.527410507202148 11.649843215942383 46.187965393066406
      vertex 26.932439804077148 7.0621514320373535 46.187965393066406
    endloop
  endfacet
  facet normal 0 0 1
    outer loop
      vertex 24.527410507202148 11.649843215942383 46.187965393066406
      vertex 23.209905624389648 11.327455520629883 46.187965393066406
      vertex 25.571844100952148 6.7591423988342285 46.187965393066406
    endloop
  endfacet
  facet normal 0 0 1
    outer loop
      vertex 23.209905624389648 11.327455520629883 46.187965393066406
      vertex 21.903020858764648 10.978166580200195 46.187965393066406
      vertex 24.222600936889648 6.425020694732666 46.187965393066406
    endloop
  endfacet
  facet normal -0 -0 1
    outer loop
      vertex 22.885808944702148 6.060335636138916 46.187965393066406
      vertex 21.903020858764648 10.978166580200195 46.187965393066406
      vertex 20.607610702514648 10.60246467590332 46.187965393066406
    endloop
  endfacet
  facet normal -0 0 1
    outer loop
      vertex 24.222600936889648 6.425020694732666 46.187965393066406
      vertex 25.571844100952148 6.7591423988342285 46.187965393066406
      vertex 23.209905624389648 11.327455520629883 46.187965393066406
    endloop
  endfacet
  facet normal 0 0 1
    outer loop
      vertex 20.607610702514648 10.60246467590332 46.187965393066406
      vertex 19.324529647827148 10.200822830200195 46.187965393066406
      vertex 21.562444686889648 5.665712833404541 46.187965393066406
    endloop
  endfacet
  facet normal -0 0 1
    outer loop
      vertex 28.303289413452148 7.333528995513916 46.187965393066406
      vertex 27.191473007202148 12.212221145629883 46.187965393066406
      vertex 26.932439804077148 7.0621514320373535 46.187965393066406
    endloop
  endfacet
  facet normal 0 0 1
    outer loop
      vertex 18.054510116577148 9.7737903594970703 46.187965393066406
      vertex 20.253484725952148 5.241762638092041 46.187965393066406
      vertex 19.324529647827148 10.200822830200195 46.187965393066406
    endloop
  endfacet
  facet normal -0 0 1
    outer loop
      vertex 25.571844100952148 6.7591423988342285 46.187965393066406
      vertex 26.932439804077148 7.0621514320373535 46.187965393066406
      vertex 24.527410507202148 11.649843215942383 46.187965393066406
    endloop
  endfacet
  facet normal 0 0 1
    outer loop
      vertex 16.798284530639648 9.3218860626220703 46.187965393066406
      vertex 18.959783554077148 4.7892022132873535 46.187965393066406
      vertex 18.054510116577148 9.7737903594970703 46.187965393066406
    endloop
  endfacet
  facet normal 0 0 1
    outer loop
      vertex 14.329778671264648 8.3458881378173828 46.187965393066406
      vertex 16.421819686889648 3.801119327545166 46.187965393066406
      vertex 15.556463241577148 8.8457202911376953 46.187965393066406
    endloop
  endfacet
  facet normal -0 -0 1
    outer loop
      vertex 15.179265975952148 3.2671380043029785 46.187965393066406
      vertex 14.329778671264648 8.3458881378173828 46.187965393066406
      vertex 13.118841171264648 7.8230156898498535 46.187965393066406
    endloop
  endfacet
  facet normal -0 -0 1
    outer loop
      vertex 16.798284530639648 9.3218860626220703 46.187965393066406
      vertex 15.556463241577148 8.8457202911376953 46.187965393066406
      vertex 17.682317733764648 4.3087334632873535 46.187965393066406
    endloop
  endfacet
  facet normal 0 0 1
    outer loop
      vertex 11.924139022827148 7.2777276039123535 46.187965393066406
      vertex 15.179265975952148 3.2671380043029785 46.187965393066406
      vertex 13.118841171264648 7.8230156898498535 46.187965393066406
    endloop
  endfacet
  facet normal 0 -0 1
    outer loop
      vertex 28.536077499389648 12.451448440551758 46.187965393066406
      vertex 27.191473007202148 12.212221145629883 46.187965393066406
      vertex 28.303289413452148 7.333528995513916 46.187965393066406
    endloop
  endfacet
  facet normal -0 0 1
    outer loop
      vertex 22.885808944702148 6.060335636138916 46.187965393066406
      vertex 24.222600936889648 6.425020694732666 46.187965393066406
      vertex 21.903020858764648 10.978166580200195 46.187965393066406
    endloop
  endfacet
  facet normal -0 0 1
    outer loop
      vertex 20.253484725952148 5.241762638092041 46.187965393066406
      vertex 21.562444686889648 5.665712833404541 46.187965393066406
      vertex 19.324529647827148 10.200822830200195 46.187965393066406
    endloop
  endfacet
  facet normal -0 0 1
    outer loop
      vertex 22.885808944702148 6.060335636138916 46.187965393066406
      vertex 20.607610702514648 10.60246467590332 46.187965393066406
      vertex 21.562444686889648 5.665712833404541 46.187965393066406
    endloop
  endfacet
  facet normal -0 0 1
    outer loop
      vertex 18.959783554077148 4.7892022132873535 46.187965393066406
      vertex 16.798284530639648 9.3218860626220703 46.187965393066406
      vertex 17.682317733764648 4.3087334632873535 46.187965393066406
    endloop
  endfacet
  facet normal 0 0 1
    outer loop
      vertex 8.4437923431396484 5.514193058013916 46.187965393066406
      vertex 11.565984725952148 1.5153220891952515 46.187965393066406
      vertex 9.5861263275146484 6.1226372718811035 46.187965393066406
    endloop
  endfacet
  facet normal -0 -0 1
    outer loop
      vertex 12.750555038452148 2.1234002113342285 46.187965393066406
      vertex 10.746404647827148 6.7107110023498535 46.187965393066406
      vertex 9.5861263275146484 6.1226372718811035 46.187965393066406
    endloop
  endfacet
  facet normal 0 0 1
    outer loop
      vertex 18.054510116577148 9.7737903594970703 46.187965393066406
      vertex 18.959783554077148 4.7892022132873535 46.187965393066406
      vertex 20.253484725952148 5.241762638092041 46.187965393066406
    endloop
  endfacet
  facet normal 0 0 1
    outer loop
      vertex 11.924139022827148 7.2777276039123535 46.187965393066406
      vertex 10.746404647827148 6.7107110023498535 46.187965393066406
      vertex 13.955266952514648 2.7076287269592285 46.187965393066406
    endloop
  endfacet
  facet normal -0 0 1
    outer loop
      vertex 16.421819686889648 3.801119327545166 46.187965393066406
      vertex 17.682317733764648 4.3087334632873535 46.187965393066406
      vertex 15.556463241577148 8.8457202911376953 46.187965393066406
    endloop
  endfacet
  facet normal -0 0 1
    outer loop
      vertex 13.955266952514648 2.7076287269592285 46.187965393066406
      vertex 15.179265975952148 3.2671380043029785 46.187965393066406
      vertex 11.924139022827148 7.2777276039123535 46.187965393066406
    endloop
  endfacet
  facet normal -0 0 1
    outer loop
      vertex 16.421819686889648 3.801119327545166 46.187965393066406
      vertex 14.329778671264648 8.3458881378173828 46.187965393066406
      vertex 15.179265975952148 3.2671380043029785 46.187965393066406
    endloop
  endfacet
  facet normal 0 0 1
    outer loop
      vertex 9.5861263275146484 6.1226372718811035 46.187965393066406
      vertex 11.565984725952148 1.5153220891952515 46.187965393066406
      vertex 12.750555038452148 2.1234002113342285 46.187965393066406
    endloop
  endfacet
  facet normal -0 0 1
    outer loop
      vertex 10.401922225952148 0.88431018590927124 46.187965393066406
      vertex 7.3198909759521484 4.886080265045166 46.187965393066406
      vertex 9.2590999603271484 0.23123399913311005 46.187965393066406
    endloop
  endfacet
  facet normal -0 0 1
    outer loop
      vertex 10.401922225952148 0.88431018590927124 46.187965393066406
      vertex 11.565984725952148 1.5153220891952515 46.187965393066406
      vertex 8.4437923431396484 5.514193058013916 46.187965393066406
    endloop
  endfacet
  facet normal -0 0 1
    outer loop
      vertex 12.750555038452148 2.1234002113342285 46.187965393066406
      vertex 13.955266952514648 2.7076287269592285 46.187965393066406
      vertex 10.746404647827148 6.7107110023498535 46.187965393066406
    endloop
  endfacet
  facet normal -0 -0 1
    outer loop
      vertex 7.3198909759521484 4.886080265045166 46.187965393066406
      vertex 10.401922225952148 0.88431018590927124 46.187965393066406
      vertex 8.4437923431396484 5.514193058013916 46.187965393066406
    endloop
  endfacet
  facet normal -0 0 1
    outer loop
      vertex 8.1380062103271484 -0.44299083948135376 46.187965393066406
      vertex 9.2590999603271484 0.23123399913311005 46.187965393066406
      vertex 6.2147884368896484 4.2390313148498535 46.187965393066406
    endloop
  endfacet
  facet normal 0 0 1
    outer loop
      vertex 6.2147884368896484 4.2390313148498535 46.187965393066406
      vertex 5.1288509368896484 3.573763370513916 46.187965393066406
      vertex 8.1380062103271484 -0.44299083948135376 46.187965393066406
    endloop
  endfacet
  facet normal 0 0 1
    outer loop
      vertex 5.1288509368896484 3.573763370513916 46.187965393066406
      vertex 4.0626888275146484 2.891024112701416 46.187965393066406
      vertex 7.0391292572021484 -1.1374183893203735 46.187965393066406
    endloop
  endfacet
  facet normal 0 0 1
    outer loop
      vertex 1.990301251411438 1.476030707359314 46.187965393066406
      vertex 4.9097347259521484 -2.583188533782959 46.187965393066406
      vertex 3.0163021087646484 2.191530704498291 46.187965393066406
    endloop
  endfacet
  facet normal 0 0 1
    outer loop
      vertex 0.98480802774429321 0.74527209997177124 46.187965393066406
      vertex 4.9097347259521484 -2.583188533782959 46.187965393066406
      vertex 1.990301251411438 1.476030707359314 46.187965393066406
    endloop
  endfacet
  facet normal 0 0 1
    outer loop
      vertex 3.0163021087646484 2.191530704498291 46.187965393066406
      vertex 5.9629573822021484 -1.8511329889297485 46.187965393066406
      vertex 4.0626888275146484 2.891024112701416 46.187965393066406
    endloop
  endfacet
  facet normal 0 0 1
    outer loop
      vertex 0.98480802774429321 0.74527209997177124 46.187965393066406
      vertex -5.5235606851056218e-05 2.3144220904214308e-06 46.187965393066406
      vertex 3.8799495697021484 -3.332639217376709 46.187965393066406
    endloop
  endfacet
  facet normal 0 0 1
    outer loop
      vertex 5.1288509368896484 3.573763370513916 46.187965393066406
      vertex 7.0391292572021484 -1.1374183893203735 46.187965393066406
      vertex 8.1380062103271484 -0.44299083948135376 46.187965393066406
    endloop
  endfacet
  facet normal 0 0 1
    outer loop
      vertex 3.0163021087646484 2.191530704498291 46.187965393066406
      vertex 4.9097347259521484 -2.583188533782959 46.187965393066406
      vertex 5.9629573822021484 -1.8511329889297485 46.187965393066406
    endloop
  endfacet
  facet normal -0 0 1
    outer loop
      vertex 5.9629573822021484 -1.8511329889297485 46.187965393066406
      vertex 7.0391292572021484 -1.1374183893203735 46.187965393066406
      vertex 4.0626888275146484 2.891024112701416 46.187965393066406
    endloop
  endfacet
  facet normal 0 0 1
    outer loop
      vertex -5.5235606851056218e-05 2.3144220904214308e-06 46.187965393066406
      vertex 2.8738460540771484 -4.0985541343688965 46.187965393066406
      vertex 3.8799495697021484 -3.332639217376709 46.187965393066406
    endloop
  endfacet
  facet normal 0 0 1
    outer loop
      vertex -5.5235606851056218e-05 2.3144220904214308e-06 46.187965393066406
      vertex 0.93366056680679321 -5.6759467124938965 46.187965393066406
      vertex 1.891790509223938 -4.879971981048584 46.187965393066406
    endloop
  endfacet
  facet normal 0 0 1
    outer loop
      vertex -5.5235606851056218e-05 2.3144220904214308e-06 46.187965393066406
      vertex -5.5235606851056218e-05 -6.4855780601501465 46.187965393066406
      vertex 0.93366056680679321 -5.6759467124938965 46.187965393066406
    endloop
  endfacet
  facet normal 0 0 1
    outer loop
      vertex 1.891790509223938 -4.879971981048584 46.187965393066406
      vertex 2.8738460540771484 -4.0985541343688965 46.187965393066406
      vertex -5.5235606851056218e-05 2.3144220904214308e-06 46.187965393066406
    endloop
  endfacet
  facet normal -0 0 1
    outer loop
      vertex 3.8799495697021484 -3.332639217376709 46.187965393066406
      vertex 4.9097347259521484 -2.583188533782959 46.187965393066406
      vertex 0.98480802774429321 0.74527209997177124 46.187965393066406
    endloop
  endfacet
  facet normal 0 0 1
    outer loop
      vertex 7.3198909759521484 4.886080265045166 46.187965393066406
      vertex 6.2147884368896484 4.2390313148498535 46.187965393066406
      vertex 9.2590999603271484 0.23123399913311005 46.187965393066406
    endloop
  endfacet
endsolid OBJECT
